{
 "type": "FeatureCollection",
 "features": [
  {
   "type": "Feature",
   "properties": {
    "osm_id": 27108807,
    "waterway": "stream",
    "name": "Naag River",
    "name_en": "",
    "tunnel": "",
    "intermittent": ""
   },
   "geometry": {
    "type": "LineString",
    "coordinates": [
     [
      78.988077,
      21.157908
     ],
     [
      78.98812,
      21.15773
     ],
     [
      78.988132,
      21.157705
     ],
     [
      78.988153,
      21.157684
     ],
     [
      78.988368,
      21.157589
     ],
     [
      78.988623,
      21.157484
     ],
     [
      78.988765,
      21.157444
     ],
     [
      78.988958,
      21.1574
     ],
     [
      78.989401,
      21.157295
     ],
     [
      78.990213,
      21.156687
     ],
     [
      78.990985,
      21.156306
     ],
     [
      78.991299,
      21.156259
     ],
     [
      78.991868,
      21.156193
     ],
     [
      78.992156,
      21.156254
     ],
     [
      78.992408,
      21.156308
     ],
     [
      78.992516,
      21.156382
     ],
     [
      78.992921,
      21.156658
     ],
     [
      78.993144,
      21.15681
     ],
     [
      78.993498,
      21.157052
     ],
     [
      78.993922,
      21.157342
     ],
     [
      78.993963,
      21.157369
     ],
     [
      78.99547,
      21.157341
     ],
     [
      78.996279,
      21.157244
     ],
     [
      78.996442,
      21.157225
     ],
     [
      78.996868,
      21.156921
     ],
     [
      78.997131,
      21.156577
     ],
     [
      78.997509,
      21.155831
     ],
     [
      78.997778,
      21.155152
     ],
     [
      78.998499,
      21.15437
     ],
     [
      78.99868,
      21.154127
     ],
     [
      78.998784,
      21.153989
     ],
     [
      78.998903,
      21.15383
     ],
     [
      78.99937,
      21.153391
     ],
     [
      79.000257,
      21.152498
     ],
     [
      79.000532,
      21.15206
     ],
     [
      79.000385,
      21.15157
     ],
     [
      79.000756,
      21.151369
     ],
     [
      79.002038,
      21.15108
     ],
     [
      79.002241,
      21.151448
     ],
     [
      79.002761,
      21.151393
     ]
    ]
   }
  },
  {
   "type": "Feature",
   "properties": {
    "osm_id": 44431548,
    "waterway": "river",
    "name": "",
    "name_en": "",
    "tunnel": "",
    "intermittent": ""
   },
   "geometry": {
    "type": "LineString",
    "coordinates": [
     [
      79.156821,
      21.176875
     ],
     [
      79.157653,
      21.176107
     ],
     [
      79.158254,
      21.175995
     ],
     [
      79.159447,
      21.175178
     ],
     [
      79.159773,
      21.175259
     ],
     [
      79.160099,
      21.175146
     ],
     [
      79.160563,
      21.174842
     ],
     [
      79.160949,
      21.17437
     ],
     [
      79.16149,
      21.174242
     ],
     [
      79.161722,
      21.17417
     ],
     [
      79.1624,
      21.174122
     ],
     [
      79.16276,
      21.174122
     ],
     [
      79.163103,
      21.174258
     ],
     [
      79.163618,
      21.17437
     ],
     [
      79.164185,
      21.174682
     ],
     [
      79.1644,
      21.174938
     ],
     [
      79.164803,
      21.175146
     ],
     [
      79.164966,
      21.175427
     ],
     [
      79.165653,
      21.175507
     ],
     [
      79.166219,
      21.175499
     ],
     [
      79.166657,
      21.175178
     ],
     [
      79.167172,
      21.17481
     ],
     [
      79.167275,
      21.174378
     ],
     [
      79.167661,
      21.173866
     ],
     [
      79.168253,
      21.173618
     ],
     [
      79.168991,
      21.173522
     ],
     [
      79.169618,
      21.173258
     ],
     [
      79.17039,
      21.172801
     ],
     [
      79.170802,
      21.172265
     ],
     [
      79.171704,
      21.171937
     ],
     [
      79.172227,
      21.171449
     ],
     [
      79.172493,
      21.171265
     ],
     [
      79.172802,
      21.17076
     ],
     [
      79.172974,
      21.170656
     ],
     [
      79.173,
      21.17028
     ],
     [
      79.173558,
      21.169944
     ],
     [
      79.173738,
      21.169672
     ],
     [
      79.17397,
      21.169176
     ],
     [
      79.17439,
      21.168768
     ],
     [
      79.174687,
      21.168286
     ],
     [
      79.174946,
      21.167702
     ],
     [
      79.175273,
      21.166886
     ],
     [
      79.175394,
      21.16655
     ],
     [
      79.175695,
      21.166222
     ],
     [
      79.176233,
      21.165875
     ]
    ]
   }
  },
  {
   "type": "Feature",
   "properties": {
    "osm_id": 44431551,
    "waterway": "river",
    "name": "",
    "name_en": "",
    "tunnel": "",
    "intermittent": ""
   },
   "geometry": {
    "type": "LineString",
    "coordinates": [
     [
      79.176233,
      21.165875
     ],
     [
      79.176931,
      21.165694
     ],
     [
      79.177317,
      21.165574
     ],
     [
      79.177892,
      21.165574
     ],
     [
      79.178261,
      21.165646
     ],
     [
      79.178716,
      21.165982
     ],
     [
      79.179222,
      21.166086
     ],
     [
      79.17972,
      21.16603
     ],
     [
      79.180218,
      21.16579
     ],
     [
      79.180596,
      21.165366
     ],
     [
      79.180733,
      21.165014
     ],
     [
      79.18075,
      21.164557
     ],
     [
      79.180931,
      21.164333
     ],
     [
      79.181523,
      21.164093
     ],
     [
      79.182072,
      21.164005
     ],
     [
      79.182913,
      21.164221
     ],
     [
      79.183136,
      21.164173
     ],
     [
      79.183686,
      21.163877
     ],
     [
      79.184853,
      21.163429
     ],
     [
      79.185402,
      21.163373
     ],
     [
      79.185909,
      21.163405
     ],
     [
      79.18681,
      21.163693
     ],
     [
      79.187248,
      21.163677
     ],
     [
      79.187891,
      21.163397
     ],
     [
      79.188037,
      21.163221
     ],
     [
      79.187977,
      21.162588
     ],
     [
      79.18826,
      21.161964
     ],
     [
      79.188655,
      21.161508
     ],
     [
      79.189505,
      21.160964
     ],
     [
      79.190166,
      21.161116
     ],
     [
      79.191462,
      21.161612
     ],
     [
      79.191702,
      21.161612
     ],
     [
      79.192801,
      21.161019
     ],
     [
      79.193076,
      21.160667
     ],
     [
      79.19338,
      21.15988
     ],
     [
      79.19365,
      21.15945
     ],
     [
      79.193917,
      21.159154
     ],
     [
      79.195101,
      21.157714
     ],
     [
      79.195607,
      21.156609
     ],
     [
      79.195899,
      21.156385
     ],
     [
      79.196981,
      21.156025
     ],
     [
      79.197736,
      21.155656
     ],
     [
      79.19832,
      21.155104
     ],
     [
      79.198431,
      21.154656
     ],
     [
      79.198337,
      21.153327
     ],
     [
      79.198886,
      21.151326
     ],
     [
      79.198998,
      21.150582
     ],
     [
      79.199307,
      21.149997
     ],
     [
      79.199702,
      21.149597
     ],
     [
      79.200045,
      21.148604
     ],
     [
      79.200483,
      21.14798
     ],
     [
      79.200611,
      21.147259
     ],
     [
      79.20074,
      21.147003
     ],
     [
      79.201435,
      21.146731
     ],
     [
      79.202148,
      21.146843
     ],
     [
      79.202783,
      21.146811
     ],
     [
      79.203101,
      21.146587
     ],
     [
      79.203873,
      21.146219
     ],
     [
      79.204173,
      21.145819
     ]
    ]
   }
  },
  {
   "type": "Feature",
   "properties": {
    "osm_id": 44434578,
    "waterway": "river",
    "name": "Naag River",
    "name_en": "",
    "tunnel": "",
    "intermittent": ""
   },
   "geometry": {
    "type": "LineString",
    "coordinates": [
     [
      79.15826,
      21.154565
     ],
     [
      79.158003,
      21.155166
     ],
     [
      79.157925,
      21.155614
     ],
     [
      79.15808,
      21.15615
     ],
     [
      79.158303,
      21.15635
     ],
     [
      79.158706,
      21.156502
     ],
     [
      79.15893,
      21.156438
     ],
     [
      79.159161,
      21.156182
     ],
     [
      79.159385,
      21.156118
     ],
     [
      79.159608,
      21.156182
     ],
     [
      79.159762,
      21.156334
     ],
     [
      79.159874,
      21.156999
     ],
     [
      79.160131,
      21.157175
     ],
     [
      79.160629,
      21.157247
     ],
     [
      79.160964,
      21.157207
     ],
     [
      79.162011,
      21.157695
     ],
     [
      79.162431,
      21.158151
     ],
     [
      79.162723,
      21.158215
     ],
     [
      79.163444,
      21.158151
     ],
     [
      79.163856,
      21.158608
     ],
     [
      79.164903,
      21.159016
     ],
     [
      79.165084,
      21.159152
     ],
     [
      79.165118,
      21.159616
     ],
     [
      79.164895,
      21.1602
     ],
     [
      79.165882,
      21.160945
     ],
     [
      79.166328,
      21.161489
     ],
     [
      79.166586,
      21.161633
     ],
     [
      79.166886,
      21.161913
     ],
     [
      79.167508,
      21.162317
     ],
     [
      79.168213,
      21.162865
     ],
     [
      79.168554,
      21.16293
     ],
     [
      79.168774,
      21.162794
     ],
     [
      79.169178,
      21.162314
     ],
     [
      79.169555,
      21.16237
     ],
     [
      79.170671,
      21.162658
     ],
     [
      79.171083,
      21.162625
     ],
     [
      79.171616,
      21.162639
     ],
     [
      79.172051,
      21.162654
     ],
     [
      79.172276,
      21.162733
     ],
     [
      79.172899,
      21.163129
     ],
     [
      79.17318,
      21.163162
     ],
     [
      79.174029,
      21.162934
     ],
     [
      79.174757,
      21.163218
     ],
     [
      79.17483,
      21.163484
     ],
     [
      79.174731,
      21.164051
     ],
     [
      79.174877,
      21.164755
     ],
     [
      79.175272,
      21.165235
     ],
     [
      79.176233,
      21.165875
     ]
    ]
   }
  },
  {
   "type": "Feature",
   "properties": {
    "osm_id": 44434949,
    "waterway": "river",
    "name": "Naag River",
    "name_en": "",
    "tunnel": "",
    "intermittent": ""
   },
   "geometry": {
    "type": "LineString",
    "coordinates": [
     [
      79.126784,
      21.141734
     ],
     [
      79.128348,
      21.142094
     ],
     [
      79.129098,
      21.142323
     ],
     [
      79.129664,
      21.142463
     ],
     [
      79.130451,
      21.142382
     ],
     [
      79.130751,
      21.142339
     ],
     [
      79.131086,
      21.142124
     ],
     [
      79.131908,
      21.141506
     ],
     [
      79.13213,
      21.141407
     ],
     [
      79.132569,
      21.141358
     ],
     [
      79.133277,
      21.141157
     ],
     [
      79.133833,
      21.141021
     ],
     [
      79.134734,
      21.140909
     ],
     [
      79.135722,
      21.140897
     ],
     [
      79.136009,
      21.140928
     ],
     [
      79.136319,
      21.140874
     ],
     [
      79.136837,
      21.140741
     ],
     [
      79.137303,
      21.14064
     ],
     [
      79.137777,
      21.140733
     ],
     [
      79.13816,
      21.140956
     ],
     [
      79.138525,
      21.141277
     ],
     [
      79.138692,
      21.141322
     ],
     [
      79.13913,
      21.141346
     ],
     [
      79.139683,
      21.141411
     ],
     [
      79.140193,
      21.141706
     ],
     [
      79.14051,
      21.142174
     ],
     [
      79.140673,
      21.142494
     ],
     [
      79.140599,
      21.1431
     ],
     [
      79.140776,
      21.143574
     ],
     [
      79.141334,
      21.143999
     ],
     [
      79.141514,
      21.144207
     ],
     [
      79.1416,
      21.144559
     ],
     [
      79.142416,
      21.144975
     ],
     [
      79.142982,
      21.145152
     ],
     [
      79.143437,
      21.145087
     ],
     [
      79.144939,
      21.146272
     ],
     [
      79.14566,
      21.146528
     ],
     [
      79.146021,
      21.146593
     ],
     [
      79.146621,
      21.146312
     ],
     [
      79.147342,
      21.146344
     ],
     [
      79.147643,
      21.146456
     ],
     [
      79.147907,
      21.147032
     ],
     [
      79.148458,
      21.147377
     ],
     [
      79.148725,
      21.147513
     ],
     [
      79.148811,
      21.147582
     ],
     [
      79.149299,
      21.147975
     ],
     [
      79.149642,
      21.148236
     ],
     [
      79.150535,
      21.148562
     ],
     [
      79.151136,
      21.148882
     ],
     [
      79.15178,
      21.14909
     ],
     [
      79.152561,
      21.149162
     ],
     [
      79.153484,
      21.148873
     ],
     [
      79.153986,
      21.148842
     ],
     [
      79.154209,
      21.148978
     ],
     [
      79.154544,
      21.149538
     ],
     [
      79.155007,
      21.149987
     ],
     [
      79.155368,
      21.150939
     ],
     [
      79.155145,
      21.15198
     ],
     [
      79.155187,
      21.152228
     ],
     [
      79.155445,
      21.152572
     ],
     [
      79.155745,
      21.153373
     ],
     [
      79.15578,
      21.153837
     ],
     [
      79.155479,
      21.154005
     ],
     [
      79.155368,
      21.154221
     ],
     [
      79.155342,
      21.154493
     ],
     [
      79.155479,
      21.154637
     ],
     [
      79.156277,
      21.154749
     ],
     [
      79.156501,
      21.154709
     ],
     [
      79.156724,
      21.154525
     ],
     [
      79.157204,
      21.154357
     ],
     [
      79.157805,
      21.154285
     ],
     [
      79.15826,
      21.154325
     ],
     [
      79.15826,
      21.154565
     ]
    ]
   }
  },
  {
   "type": "Feature",
   "properties": {
    "osm_id": 44435009,
    "waterway": "river",
    "name": "Nag River",
    "name_en": "",
    "tunnel": "",
    "intermittent": ""
   },
   "geometry": {
    "type": "LineString",
    "coordinates": [
     [
      79.083229,
      21.140488
     ],
     [
      79.083922,
      21.140364
     ],
     [
      79.08442,
      21.140012
     ],
     [
      79.084909,
      21.139556
     ],
     [
      79.085021,
      21.13934
     ],
     [
      79.085321,
      21.139019
     ],
     [
      79.08551,
      21.138739
     ],
     [
      79.085845,
      21.137875
     ],
     [
      79.086188,
      21.137659
     ],
     [
      79.087493,
      21.137875
     ],
     [
      79.08801,
      21.137707
     ],
     [
      79.088737,
      21.13745
     ],
     [
      79.089012,
      21.13741
     ],
     [
      79.089269,
      21.13741
     ],
     [
      79.089899,
      21.137484
     ],
     [
      79.090331,
      21.137429
     ],
     [
      79.092377,
      21.137058
     ],
     [
      79.092677,
      21.137075
     ],
     [
      79.093424,
      21.137139
     ],
     [
      79.093799,
      21.136978
     ],
     [
      79.094163,
      21.136788
     ],
     [
      79.094394,
      21.136792
     ],
     [
      79.095037,
      21.13709
     ],
     [
      79.095273,
      21.137196
     ],
     [
      79.095861,
      21.137442
     ],
     [
      79.096874,
      21.13745
     ],
     [
      79.097887,
      21.137338
     ],
     [
      79.098453,
      21.137338
     ],
     [
      79.099543,
      21.137162
     ],
     [
      79.100436,
      21.137162
     ],
     [
      79.100809,
      21.137245
     ],
     [
      79.101005,
      21.137277
     ],
     [
      79.101878,
      21.136922
     ],
     [
      79.102575,
      21.136905
     ],
     [
      79.103861,
      21.137162
     ],
     [
      79.104291,
      21.13722
     ],
     [
      79.104762,
      21.136984
     ],
     [
      79.104908,
      21.136986
     ],
     [
      79.105131,
      21.136954
     ],
     [
      79.105534,
      21.13721
     ],
     [
      79.105654,
      21.137378
     ],
     [
      79.105852,
      21.138427
     ],
     [
      79.10629,
      21.138707
     ],
     [
      79.107457,
      21.138875
     ],
     [
      79.108135,
      21.138851
     ],
     [
      79.109405,
      21.138611
     ],
     [
      79.110341,
      21.138611
     ],
     [
      79.111171,
      21.138622
     ],
     [
      79.111662,
      21.138615
     ],
     [
      79.111889,
      21.138597
     ],
     [
      79.112185,
      21.138588
     ],
     [
      79.112461,
      21.138579
     ],
     [
      79.112864,
      21.138635
     ],
     [
      79.113315,
      21.138808
     ],
     [
      79.113577,
      21.138891
     ],
     [
      79.114521,
      21.139028
     ],
     [
      79.114982,
      21.139126
     ],
     [
      79.115465,
      21.139276
     ],
     [
      79.1159,
      21.139409
     ],
     [
      79.116642,
      21.139558
     ],
     [
      79.116947,
      21.139617
     ],
     [
      79.117427,
      21.139786
     ],
     [
      79.117909,
      21.139938
     ],
     [
      79.118233,
      21.140023
     ],
     [
      79.118526,
      21.140078
     ],
     [
      79.118967,
      21.140188
     ],
     [
      79.120443,
      21.140605
     ],
     [
      79.120761,
      21.140682
     ],
     [
      79.122709,
      21.141108
     ],
     [
      79.122992,
      21.141125
     ],
     [
      79.124244,
      21.141446
     ],
     [
      79.125121,
      21.141533
     ],
     [
      79.126784,
      21.141734
     ]
    ]
   }
  },
  {
   "type": "Feature",
   "properties": {
    "osm_id": 44438600,
    "waterway": "drain",
    "name": "",
    "name_en": "",
    "tunnel": "",
    "intermittent": ""
   },
   "geometry": {
    "type": "LineString",
    "coordinates": [
     [
      79.133747,
      21.175876
     ],
     [
      79.134111,
      21.175829
     ],
     [
      79.134205,
      21.175932
     ],
     [
      79.134381,
      21.175998
     ],
     [
      79.13463,
      21.175841
     ],
     [
      79.135351,
      21.175747
     ],
     [
      79.135553,
      21.175778
     ],
     [
      79.135681,
      21.175904
     ],
     [
      79.135806,
      21.176068
     ],
     [
      79.136039,
      21.175977
     ],
     [
      79.136022,
      21.175851
     ],
     [
      79.136261,
      21.175634
     ],
     [
      79.136716,
      21.175514
     ],
     [
      79.137131,
      21.175339
     ],
     [
      79.137421,
      21.175332
     ],
     [
      79.137562,
      21.175125
     ],
     [
      79.137805,
      21.17504
     ],
     [
      79.137876,
      21.17509
     ],
     [
      79.138064,
      21.175089
     ],
     [
      79.138464,
      21.175078
     ],
     [
      79.138745,
      21.1752
     ],
     [
      79.138983,
      21.17534
     ],
     [
      79.139089,
      21.175521
     ],
     [
      79.139064,
      21.175684
     ],
     [
      79.139145,
      21.175771
     ],
     [
      79.139283,
      21.175853
     ],
     [
      79.139439,
      21.17583
     ],
     [
      79.139652,
      21.175836
     ],
     [
      79.139902,
      21.17594
     ],
     [
      79.14015,
      21.175933
     ],
     [
      79.140494,
      21.175901
     ],
     [
      79.140803,
      21.175933
     ],
     [
      79.140983,
      21.175821
     ],
     [
      79.14124,
      21.175805
     ],
     [
      79.141524,
      21.175869
     ],
     [
      79.141987,
      21.175757
     ],
     [
      79.142279,
      21.175549
     ],
     [
      79.142511,
      21.175557
     ],
     [
      79.142828,
      21.175725
     ],
     [
      79.143017,
      21.175925
     ],
     [
      79.14324,
      21.176125
     ],
     [
      79.14336,
      21.176437
     ],
     [
      79.14348,
      21.176549
     ],
     [
      79.143669,
      21.176549
     ],
     [
      79.143901,
      21.176469
     ],
     [
      79.144159,
      21.176469
     ],
     [
      79.144244,
      21.176557
     ],
     [
      79.144184,
      21.176886
     ],
     [
      79.144081,
      21.176974
     ],
     [
      79.143704,
      21.17719
     ],
     [
      79.143472,
      21.177406
     ],
     [
      79.143472,
      21.177838
     ],
     [
      79.14342,
      21.178006
     ],
     [
      79.14348,
      21.178198
     ],
     [
      79.143781,
      21.17827
     ]
    ]
   }
  },
  {
   "type": "Feature",
   "properties": {
    "osm_id": 44438763,
    "waterway": "river",
    "name": "",
    "name_en": "",
    "tunnel": "",
    "intermittent": ""
   },
   "geometry": {
    "type": "LineString",
    "coordinates": [
     [
      79.143781,
      21.17827
     ],
     [
      79.144098,
      21.178182
     ],
     [
      79.144596,
      21.178342
     ],
     [
      79.145043,
      21.178334
     ],
     [
      79.145558,
      21.178558
     ],
     [
      79.14591,
      21.178846
     ],
     [
      79.146038,
      21.17915
     ],
     [
      79.14621,
      21.179223
     ],
     [
      79.146622,
      21.179215
     ],
     [
      79.147103,
      21.178983
     ],
     [
      79.147369,
      21.178926
     ],
     [
      79.147824,
      21.178654
     ],
     [
      79.148544,
      21.178926
     ],
     [
      79.148862,
      21.178926
     ],
     [
      79.149497,
      21.179359
     ],
     [
      79.149815,
      21.179519
     ],
     [
      79.150407,
      21.179575
     ],
     [
      79.151068,
      21.179935
     ],
     [
      79.151437,
      21.180015
     ],
     [
      79.151995,
      21.180047
     ],
     [
      79.152304,
      21.179927
     ],
     [
      79.152699,
      21.179503
     ],
     [
      79.152896,
      21.179126
     ],
     [
      79.15293,
      21.178854
     ],
     [
      79.153265,
      21.178382
     ],
     [
      79.153609,
      21.178078
     ],
     [
      79.154055,
      21.177854
     ],
     [
      79.154347,
      21.177846
     ],
     [
      79.15481,
      21.177846
     ],
     [
      79.155325,
      21.177742
     ],
     [
      79.156321,
      21.177286
     ],
     [
      79.156821,
      21.176875
     ]
    ]
   }
  },
  {
   "type": "Feature",
   "properties": {
    "osm_id": 143273092,
    "waterway": "stream",
    "name": "Nallah",
    "name_en": "",
    "tunnel": "",
    "intermittent": ""
   },
   "geometry": {
    "type": "LineString",
    "coordinates": [
     [
      79.05236,
      21.109117
     ],
     [
      79.052554,
      21.108164
     ],
     [
      79.053219,
      21.107483
     ],
     [
      79.053841,
      21.107283
     ],
     [
      79.054292,
      21.107263
     ],
     [
      79.054678,
      21.106943
     ],
     [
      79.054914,
      21.106362
     ],
     [
      79.055215,
      21.106122
     ],
     [
      79.055558,
      21.105722
     ],
     [
      79.055966,
      21.105121
     ],
     [
      79.056033,
      21.104891
     ]
    ]
   }
  },
  {
   "type": "Feature",
   "properties": {
    "osm_id": 143273110,
    "waterway": "stream",
    "name": "",
    "name_en": "",
    "tunnel": "",
    "intermittent": ""
   },
   "geometry": {
    "type": "LineString",
    "coordinates": [
     [
      79.074332,
      21.111319
     ],
     [
      79.074459,
      21.111222
     ]
    ]
   }
  },
  {
   "type": "Feature",
   "properties": {
    "osm_id": 143273114,
    "waterway": "stream",
    "name": "",
    "name_en": "",
    "tunnel": "",
    "intermittent": ""
   },
   "geometry": {
    "type": "LineString",
    "coordinates": [
     [
      79.092074,
      21.111644
     ],
     [
      79.092201,
      21.11153
     ],
     [
      79.092199,
      21.111481
     ],
     [
      79.092217,
      21.111436
     ],
     [
      79.092128,
      21.111313
     ],
     [
      79.092111,
      21.111161
     ],
     [
      79.092109,
      21.110857
     ]
    ]
   }
  },
  {
   "type": "Feature",
   "properties": {
    "osm_id": 143275497,
    "waterway": "stream",
    "name": "",
    "name_en": "",
    "tunnel": "",
    "intermittent": ""
   },
   "geometry": {
    "type": "LineString",
    "coordinates": [
     [
      79.125755,
      21.114061
     ],
     [
      79.125755,
      21.113778
     ],
     [
      79.126024,
      21.113479
     ],
     [
      79.126429,
      21.112959
     ],
     [
      79.126516,
      21.112762
     ],
     [
      79.126526,
      21.112095
     ],
     [
      79.126632,
      21.111827
     ],
     [
      79.12702,
      21.11148
     ],
     [
      79.127276,
      21.110636
     ],
     [
      79.127316,
      21.110502
     ]
    ]
   }
  },
  {
   "type": "Feature",
   "properties": {
    "osm_id": 143275501,
    "waterway": "drain",
    "name": "",
    "name_en": "",
    "tunnel": "",
    "intermittent": ""
   },
   "geometry": {
    "type": "LineString",
    "coordinates": [
     [
      79.112568,
      21.147626
     ],
     [
      79.112635,
      21.147551
     ],
     [
      79.112767,
      21.14743
     ],
     [
      79.11312,
      21.147074
     ],
     [
      79.113178,
      21.147028
     ],
     [
      79.113275,
      21.146973
     ],
     [
      79.113438,
      21.146931
     ],
     [
      79.11358,
      21.146919
     ],
     [
      79.113683,
      21.146945
     ],
     [
      79.113743,
      21.146972
     ],
     [
      79.113868,
      21.147061
     ],
     [
      79.114009,
      21.147219
     ],
     [
      79.114191,
      21.147421
     ],
     [
      79.114287,
      21.147505
     ],
     [
      79.114383,
      21.147523
     ],
     [
      79.114453,
      21.147501
     ],
     [
      79.114484,
      21.147354
     ],
     [
      79.114476,
      21.147283
     ],
     [
      79.114478,
      21.147156
     ],
     [
      79.114527,
      21.147038
     ],
     [
      79.114678,
      21.146894
     ],
     [
      79.114845,
      21.146766
     ],
     [
      79.114947,
      21.146698
     ],
     [
      79.115013,
      21.146528
     ],
     [
      79.115051,
      21.146009
     ],
     [
      79.115102,
      21.145812
     ],
     [
      79.115493,
      21.145264
     ],
     [
      79.115577,
      21.145154
     ],
     [
      79.115675,
      21.144977
     ],
     [
      79.115725,
      21.144814
     ],
     [
      79.115745,
      21.144653
     ],
     [
      79.115752,
      21.144399
     ],
     [
      79.115922,
      21.143962
     ],
     [
      79.115969,
      21.143854
     ],
     [
      79.116004,
      21.143723
     ],
     [
      79.116317,
      21.143057
     ],
     [
      79.116842,
      21.142848
     ],
     [
      79.117058,
      21.142778
     ],
     [
      79.117256,
      21.142714
     ],
     [
      79.117423,
      21.142549
     ],
     [
      79.1175,
      21.14221
     ],
     [
      79.117609,
      21.14199
     ],
     [
      79.117756,
      21.141811
     ],
     [
      79.117717,
      21.141727
     ],
     [
      79.117666,
      21.141644
     ],
     [
      79.117654,
      21.141542
     ],
     [
      79.117775,
      21.141232
     ],
     [
      79.117865,
      21.14091
     ],
     [
      79.117986,
      21.1406
     ],
     [
      79.118165,
      21.140194
     ],
     [
      79.118233,
      21.140023
     ]
    ]
   }
  },
  {
   "type": "Feature",
   "properties": {
    "osm_id": 143275504,
    "waterway": "stream",
    "name": "",
    "name_en": "",
    "tunnel": "",
    "intermittent": ""
   },
   "geometry": {
    "type": "LineString",
    "coordinates": [
     [
      79.128204,
      21.10903
     ],
     [
      79.128204,
      21.108873
     ],
     [
      79.128475,
      21.108619
     ],
     [
      79.128466,
      21.108524
     ],
     [
      79.12879,
      21.10833
     ],
     [
      79.12965,
      21.107248
     ],
     [
      79.130021,
      21.106682
     ],
     [
      79.130376,
      21.106399
     ],
     [
      79.130511,
      21.106084
     ],
     [
      79.130723,
      21.105651
     ],
     [
      79.131084,
      21.105455
     ],
     [
      79.131944,
      21.104783
     ],
     [
      79.132375,
      21.104426
     ],
     [
      79.132447,
      21.104328
     ],
     [
      79.13266,
      21.104132
     ],
     [
      79.13272,
      21.103645
     ],
     [
      79.132973,
      21.103047
     ],
     [
      79.132754,
      21.102827
     ],
     [
      79.132881,
      21.102594
     ],
     [
      79.133081,
      21.102206
     ],
     [
      79.133378,
      21.102009
     ],
     [
      79.13353,
      21.101474
     ],
     [
      79.133782,
      21.101332
     ],
     [
      79.133833,
      21.10108
     ],
     [
      79.133884,
      21.10075
     ],
     [
      79.133664,
      21.100577
     ],
     [
      79.133631,
      21.100231
     ],
     [
      79.133782,
      21.100042
     ],
     [
      79.134305,
      21.099696
     ],
     [
      79.13539,
      21.098671
     ]
    ]
   }
  },
  {
   "type": "Feature",
   "properties": {
    "osm_id": 143281442,
    "waterway": "drain",
    "name": "",
    "name_en": "",
    "tunnel": "",
    "intermittent": ""
   },
   "geometry": {
    "type": "LineString",
    "coordinates": [
     [
      79.118642,
      21.160687
     ],
     [
      79.119438,
      21.161176
     ],
     [
      79.119795,
      21.161347
     ],
     [
      79.119875,
      21.161475
     ],
     [
      79.120325,
      21.161716
     ],
     [
      79.12101,
      21.161894
     ],
     [
      79.121139,
      21.161851
     ],
     [
      79.1216,
      21.161957
     ],
     [
      79.121619,
      21.162071
     ],
     [
      79.121912,
      21.162082
     ],
     [
      79.122095,
      21.162185
     ],
     [
      79.12243,
      21.162195
     ],
     [
      79.122725,
      21.162264
     ],
     [
      79.123184,
      21.162459
     ],
     [
      79.123346,
      21.162506
     ],
     [
      79.123491,
      21.162506
     ],
     [
      79.123648,
      21.162489
     ],
     [
      79.123874,
      21.16242
     ]
    ]
   }
  },
  {
   "type": "Feature",
   "properties": {
    "osm_id": 143458956,
    "waterway": "drain",
    "name": "",
    "name_en": "",
    "tunnel": "",
    "intermittent": ""
   },
   "geometry": {
    "type": "LineString",
    "coordinates": [
     [
      79.096173,
      21.162249
     ],
     [
      79.095956,
      21.162721
     ],
     [
      79.095813,
      21.162962
     ],
     [
      79.095729,
      21.163157
     ]
    ]
   }
  },
  {
   "type": "Feature",
   "properties": {
    "osm_id": 143458957,
    "waterway": "drain",
    "name": "",
    "name_en": "",
    "tunnel": "",
    "intermittent": ""
   },
   "geometry": {
    "type": "LineString",
    "coordinates": [
     [
      79.090362,
      21.16138
     ],
     [
      79.090409,
      21.161289
     ],
     [
      79.090523,
      21.161208
     ],
     [
      79.090823,
      21.161193
     ],
     [
      79.090899,
      21.161195
     ]
    ]
   }
  },
  {
   "type": "Feature",
   "properties": {
    "osm_id": 143489835,
    "waterway": "canal",
    "name": "",
    "name_en": "",
    "tunnel": "",
    "intermittent": ""
   },
   "geometry": {
    "type": "LineString",
    "coordinates": [
     [
      79.051856,
      21.26661
     ],
     [
      79.052129,
      21.265524
     ],
     [
      79.052435,
      21.265045
     ],
     [
      79.05274,
      21.264852
     ],
     [
      79.05333,
      21.264649
     ],
     [
      79.064125,
      21.263459
     ],
     [
      79.064398,
      21.263337
     ],
     [
      79.064562,
      21.263209
     ],
     [
      79.06603,
      21.261865
     ],
     [
      79.06698,
      21.260914
     ],
     [
      79.067165,
      21.260711
     ],
     [
      79.067291,
      21.260355
     ],
     [
      79.067765,
      21.25802
     ],
     [
      79.067776,
      21.257557
     ],
     [
      79.067695,
      21.257161
     ],
     [
      79.066789,
      21.254943
     ],
     [
      79.066679,
      21.254516
     ],
     [
      79.066767,
      21.253854
     ],
     [
      79.067515,
      21.251309
     ],
     [
      79.068113,
      21.251388
     ],
     [
      79.070317,
      21.251657
     ],
     [
      79.071171,
      21.251758
     ],
     [
      79.071628,
      21.25192
     ],
     [
      79.072379,
      21.252286
     ],
     [
      79.073718,
      21.253001
     ],
     [
      79.074447,
      21.25332
     ],
     [
      79.078359,
      21.253919
     ],
     [
      79.081624,
      21.254375
     ],
     [
      79.081956,
      21.25436
     ],
     [
      79.082288,
      21.254253
     ],
     [
      79.082478,
      21.254152
     ],
     [
      79.082691,
      21.253782
     ],
     [
      79.08287,
      21.253041
     ],
     [
      79.083327,
      21.250546
     ],
     [
      79.083534,
      21.250151
     ],
     [
      79.083703,
      21.250008
     ],
     [
      79.083888,
      21.249892
     ],
     [
      79.084361,
      21.2498
     ],
     [
      79.084873,
      21.249713
     ]
    ]
   }
  },
  {
   "type": "Feature",
   "properties": {
    "osm_id": 143508390,
    "waterway": "dam",
    "name": "",
    "name_en": "",
    "tunnel": "",
    "intermittent": ""
   },
   "geometry": {
    "type": "LineString",
    "coordinates": [
     [
      79.089823,
      21.246959
     ],
     [
      79.089911,
      21.24694
     ],
     [
      79.090011,
      21.246918
     ]
    ]
   }
  },
  {
   "type": "Feature",
   "properties": {
    "osm_id": 143508393,
    "waterway": "river",
    "name": "",
    "name_en": "",
    "tunnel": "",
    "intermittent": ""
   },
   "geometry": {
    "type": "LineString",
    "coordinates": [
     [
      79.08554,
      21.246666
     ],
     [
      79.085547,
      21.246754
     ],
     [
      79.085701,
      21.248544
     ]
    ]
   }
  },
  {
   "type": "Feature",
   "properties": {
    "osm_id": 143508397,
    "waterway": "river",
    "name": "",
    "name_en": "",
    "tunnel": "",
    "intermittent": ""
   },
   "geometry": {
    "type": "LineString",
    "coordinates": [
     [
      79.08992,
      21.246787
     ],
     [
      79.089905,
      21.24692
     ],
     [
      79.089911,
      21.24694
     ],
     [
      79.089938,
      21.247038
     ],
     [
      79.090055,
      21.247219
     ],
     [
      79.090219,
      21.247291
     ],
     [
      79.090576,
      21.247469
     ],
     [
      79.090812,
      21.247526
     ],
     [
      79.091374,
      21.247911
     ],
     [
      79.09187,
      21.248
     ],
     [
      79.092186,
      21.248346
     ],
     [
      79.092437,
      21.24902
     ],
     [
      79.092649,
      21.249126
     ],
     [
      79.09288,
      21.249224
     ]
    ]
   }
  },
  {
   "type": "Feature",
   "properties": {
    "osm_id": 143508401,
    "waterway": "river",
    "name": "",
    "name_en": "",
    "tunnel": "",
    "intermittent": ""
   },
   "geometry": {
    "type": "LineString",
    "coordinates": [
     [
      79.073932,
      21.246692
     ],
     [
      79.073481,
      21.246831
     ],
     [
      79.073374,
      21.246918
     ],
     [
      79.073369,
      21.247161
     ],
     [
      79.073257,
      21.247516
     ],
     [
      79.073081,
      21.247755
     ],
     [
      79.072829,
      21.247985
     ],
     [
      79.072625,
      21.248054
     ],
     [
      79.072261,
      21.24811
     ],
     [
      79.071917,
      21.248245
     ],
     [
      79.071759,
      21.248405
     ],
     [
      79.071661,
      21.248765
     ],
     [
      79.071554,
      21.249147
     ],
     [
      79.071424,
      21.249256
     ],
     [
      79.071205,
      21.249303
     ],
     [
      79.070749,
      21.249351
     ],
     [
      79.070572,
      21.249451
     ],
     [
      79.070261,
      21.249728
     ],
     [
      79.070135,
      21.249958
     ],
     [
      79.070135,
      21.250374
     ],
     [
      79.070274,
      21.250656
     ],
     [
      79.070507,
      21.250856
     ],
     [
      79.070819,
      21.251003
     ],
     [
      79.070949,
      21.250982
     ],
     [
      79.071052,
      21.250891
     ],
     [
      79.071145,
      21.25073
     ],
     [
      79.071573,
      21.250717
     ],
     [
      79.071745,
      21.250656
     ],
     [
      79.071945,
      21.250617
     ],
     [
      79.072159,
      21.2507
     ],
     [
      79.072215,
      21.250843
     ],
     [
      79.072229,
      21.251055
     ],
     [
      79.072192,
      21.251289
     ],
     [
      79.072238,
      21.251485
     ],
     [
      79.072248,
      21.251849
     ],
     [
      79.072164,
      21.252074
     ]
    ]
   }
  },
  {
   "type": "Feature",
   "properties": {
    "osm_id": 143748503,
    "waterway": "drain",
    "name": "",
    "name_en": "",
    "tunnel": "",
    "intermittent": ""
   },
   "geometry": {
    "type": "LineString",
    "coordinates": [
     [
      79.070864,
      21.193634
     ],
     [
      79.071457,
      21.1935
     ],
     [
      79.071719,
      21.193708
     ],
     [
      79.071809,
      21.19378
     ],
     [
      79.073538,
      21.194052
     ],
     [
      79.07352,
      21.194564
     ],
     [
      79.073639,
      21.194684
     ],
     [
      79.074949,
      21.194906
     ],
     [
      79.076771,
      21.194932
     ],
     [
      79.077247,
      21.195085
     ],
     [
      79.077357,
      21.195282
     ],
     [
      79.077497,
      21.195614
     ],
     [
      79.077598,
      21.195767
     ],
     [
      79.077823,
      21.19591
     ]
    ]
   }
  },
  {
   "type": "Feature",
   "properties": {
    "osm_id": 143748504,
    "waterway": "drain",
    "name": "",
    "name_en": "",
    "tunnel": "",
    "intermittent": ""
   },
   "geometry": {
    "type": "LineString",
    "coordinates": [
     [
      79.045683,
      21.198076
     ],
     [
      79.04594,
      21.198076
     ],
     [
      79.045992,
      21.198066
     ],
     [
      79.046192,
      21.197843
     ],
     [
      79.046686,
      21.196353
     ],
     [
      79.046583,
      21.195616
     ],
     [
      79.04657,
      21.194759
     ],
     [
      79.046919,
      21.194046
     ],
     [
      79.047677,
      21.193666
     ],
     [
      79.047975,
      21.193352
     ],
     [
      79.048454,
      21.193141
     ],
     [
      79.048674,
      21.193189
     ],
     [
      79.048998,
      21.193092
     ],
     [
      79.049425,
      21.193147
     ],
     [
      79.050261,
      21.192905
     ],
     [
      79.050837,
      21.192748
     ],
     [
      79.051485,
      21.192652
     ],
     [
      79.05174,
      21.19241
     ],
     [
      79.051958,
      21.192332
     ],
     [
      79.052482,
      21.191927
     ],
     [
      79.052631,
      21.19174
     ],
     [
      79.052599,
      21.191637
     ]
    ]
   }
  },
  {
   "type": "Feature",
   "properties": {
    "osm_id": 143748505,
    "waterway": "drain",
    "name": "",
    "name_en": "",
    "tunnel": "",
    "intermittent": ""
   },
   "geometry": {
    "type": "LineString",
    "coordinates": [
     [
      79.052599,
      21.191637
     ],
     [
      79.053399,
      21.191378
     ],
     [
      79.054707,
      21.190986
     ],
     [
      79.055329,
      21.190962
     ],
     [
      79.055607,
      21.191064
     ],
     [
      79.055827,
      21.190998
     ],
     [
      79.056416,
      21.191077
     ],
     [
      79.057265,
      21.19136
     ],
     [
      79.057556,
      21.191433
     ],
     [
      79.057861,
      21.191668
     ],
     [
      79.057951,
      21.19191
     ],
     [
      79.05867,
      21.19252
     ],
     [
      79.058689,
      21.192749
     ],
     [
      79.059635,
      21.192912
     ],
     [
      79.059849,
      21.193063
     ],
     [
      79.060412,
      21.192991
     ],
     [
      79.060684,
      21.192628
     ],
     [
      79.060898,
      21.192387
     ],
     [
      79.060963,
      21.192218
     ],
     [
      79.061105,
      21.192151
     ],
     [
      79.061273,
      21.191988
     ],
     [
      79.061332,
      21.191759
     ],
     [
      79.061332,
      21.191107
     ],
     [
      79.061474,
      21.190696
     ],
     [
      79.061617,
      21.190612
     ],
     [
      79.061791,
      21.190551
     ],
     [
      79.061889,
      21.190575
     ],
     [
      79.062135,
      21.190473
     ],
     [
      79.062225,
      21.19037
     ],
     [
      79.062394,
      21.190328
     ],
     [
      79.062425,
      21.190248
     ]
    ]
   }
  },
  {
   "type": "Feature",
   "properties": {
    "osm_id": 143748506,
    "waterway": "river",
    "name": "Pivli Nadi",
    "name_en": "",
    "tunnel": "",
    "intermittent": ""
   },
   "geometry": {
    "type": "LineString",
    "coordinates": [
     [
      79.014766,
      21.161146
     ],
     [
      79.014852,
      21.161101
     ],
     [
      79.015035,
      21.161021
     ],
     [
      79.015212,
      21.160976
     ],
     [
      79.015641,
      21.160986
     ],
     [
      79.015952,
      21.160981
     ],
     [
      79.01614,
      21.161096
     ],
     [
      79.016236,
      21.161146
     ],
     [
      79.016301,
      21.161186
     ],
     [
      79.016435,
      21.161246
     ],
     [
      79.016537,
      21.161331
     ],
     [
      79.016606,
      21.161436
     ],
     [
      79.016649,
      21.161556
     ],
     [
      79.016671,
      21.161631
     ],
     [
      79.016719,
      21.161716
     ],
     [
      79.016724,
      21.161841
     ],
     [
      79.016724,
      21.161916
     ],
     [
      79.016757,
      21.162031
     ],
     [
      79.016853,
      21.162136
     ],
     [
      79.016966,
      21.162216
     ],
     [
      79.0171,
      21.162372
     ],
     [
      79.017132,
      21.162427
     ],
     [
      79.017298,
      21.162502
     ],
     [
      79.017422,
      21.162512
     ],
     [
      79.017588,
      21.162477
     ],
     [
      79.017663,
      21.162397
     ],
     [
      79.017728,
      21.162302
     ],
     [
      79.018221,
      21.162116
     ],
     [
      79.018344,
      21.162067
     ],
     [
      79.018462,
      21.162016
     ],
     [
      79.018575,
      21.161951
     ],
     [
      79.018736,
      21.161861
     ],
     [
      79.018838,
      21.161796
     ],
     [
      79.018918,
      21.161821
     ],
     [
      79.018967,
      21.161891
     ],
     [
      79.018999,
      21.162006
     ],
     [
      79.019031,
      21.162087
     ],
     [
      79.019101,
      21.162146
     ],
     [
      79.019187,
      21.162216
     ],
     [
      79.019278,
      21.162292
     ],
     [
      79.019396,
      21.162427
     ],
     [
      79.019444,
      21.162502
     ],
     [
      79.019509,
      21.162637
     ],
     [
      79.019573,
      21.162832
     ],
     [
      79.019557,
      21.162997
     ],
     [
      79.019546,
      21.163077
     ],
     [
      79.019535,
      21.163192
     ],
     [
      79.019691,
      21.163202
     ],
     [
      79.01983,
      21.163182
     ],
     [
      79.020034,
      21.163167
     ],
     [
      79.02019,
      21.163162
     ],
     [
      79.02034,
      21.163147
     ],
     [
      79.020469,
      21.163137
     ],
     [
      79.020651,
      21.163142
     ],
     [
      79.020764,
      21.163152
     ],
     [
      79.020893,
      21.163222
     ],
     [
      79.021089,
      21.16324
     ],
     [
      79.021365,
      21.163232
     ],
     [
      79.021515,
      21.163152
     ],
     [
      79.0217,
      21.16303
     ],
     [
      79.021934,
      21.162932
     ],
     [
      79.022084,
      21.162992
     ],
     [
      79.022245,
      21.163022
     ],
     [
      79.022395,
      21.163262
     ],
     [
      79.02261,
      21.163262
     ],
     [
      79.022717,
      21.163162
     ],
     [
      79.022805,
      21.16304
     ],
     [
      79.022988,
      21.16303
     ],
     [
      79.023157,
      21.163102
     ],
     [
      79.02336,
      21.163092
     ],
     [
      79.023556,
      21.16301
     ],
     [
      79.023685,
      21.16306
     ],
     [
      79.023758,
      21.163262
     ],
     [
      79.023972,
      21.163512
     ],
     [
      79.024004,
      21.163662
     ],
     [
      79.024015,
      21.163892
     ],
     [
      79.024165,
      21.164102
     ],
     [
      79.02435,
      21.164341
     ],
     [
      79.024401,
      21.164513
     ],
     [
      79.024444,
      21.164703
     ],
     [
      79.024637,
      21.164913
     ],
     [
      79.024906,
      21.165203
     ],
     [
      79.025034,
      21.165503
     ],
     [
      79.025112,
      21.165741
     ],
     [
      79.025198,
      21.165902
     ],
     [
      79.025455,
      21.165911
     ],
     [
      79.025756,
      21.165911
     ],
     [
      79.025946,
      21.165893
     ],
     [
      79.026096,
      21.165954
     ],
     [
      79.026268,
      21.166134
     ],
     [
      79.026357,
      21.166272
     ],
     [
      79.026582,
      21.166392
     ],
     [
      79.026884,
      21.166362
     ],
     [
      79.027226,
      21.16634
     ],
     [
      79.027597,
      21.166362
     ],
     [
      79.027851,
      21.166421
     ],
     [
      79.0281,
      21.166571
     ],
     [
      79.028274,
      21.166841
     ],
     [
      79.028182,
      21.167119
     ],
     [
      79.028218,
      21.167361
     ],
     [
      79.028297,
      21.167535
     ],
     [
      79.028787,
      21.168011
     ],
     [
      79.029026,
      21.168208
     ],
     [
      79.029098,
      21.168156
     ],
     [
      79.029174,
      21.168182
     ],
     [
      79.029556,
      21.168505
     ],
     [
      79.029584,
      21.168694
     ],
     [
      79.029815,
      21.168869
     ],
     [
      79.029934,
      21.169259
     ],
     [
      79.030225,
      21.169441
     ],
     [
      79.030396,
      21.169437
     ],
     [
      79.030882,
      21.169173
     ],
     [
      79.031029,
      21.16914
     ],
     [
      79.031306,
      21.169223
     ],
     [
      79.031485,
      21.16937
     ],
     [
      79.031572,
      21.169519
     ],
     [
      79.031617,
      21.169601
     ],
     [
      79.0317,
      21.16967
     ],
     [
      79.031805,
      21.169728
     ],
     [
      79.031944,
      21.169721
     ],
     [
      79.032038,
      21.169649
     ],
     [
      79.032143,
      21.169565
     ],
     [
      79.032241,
      21.169497
     ],
     [
      79.032361,
      21.169494
     ],
     [
      79.032445,
      21.169507
     ],
     [
      79.033221,
      21.170041
     ],
     [
      79.033388,
      21.170401
     ],
     [
      79.033822,
      21.170806
     ],
     [
      79.034065,
      21.170925
     ],
     [
      79.034499,
      21.171144
     ],
     [
      79.034535,
      21.171226
     ],
     [
      79.034635,
      21.171448
     ],
     [
      79.034698,
      21.171512
     ],
     [
      79.034766,
      21.171508
     ],
     [
      79.035037,
      21.171396
     ],
     [
      79.035467,
      21.171318
     ],
     [
      79.035841,
      21.171359
     ],
     [
      79.036079,
      21.171452
     ],
     [
      79.036108,
      21.171471
     ],
     [
      79.03653,
      21.171437
     ],
     [
      79.036905,
      21.171211
     ],
     [
      79.037295,
      21.1712
     ],
     [
      79.037745,
      21.17146
     ],
     [
      79.038107,
      21.171586
     ],
     [
      79.038314,
      21.17156
     ],
     [
      79.038557,
      21.171645
     ],
     [
      79.038738,
      21.171733
     ],
     [
      79.039099,
      21.17202
     ],
     [
      79.039573,
      21.172095
     ],
     [
      79.039903,
      21.17244
     ],
     [
      79.039971,
      21.172685
     ],
     [
      79.040632,
      21.173231
     ],
     [
      79.041178,
      21.173847
     ],
     [
      79.041819,
      21.174494
     ],
     [
      79.042424,
      21.175285
     ],
     [
      79.042759,
      21.17579
     ],
     [
      79.042854,
      21.175934
     ],
     [
      79.042918,
      21.176187
     ],
     [
      79.043037,
      21.176328
     ],
     [
      79.043424,
      21.176547
     ],
     [
      79.04373,
      21.176911
     ],
     [
      79.04391,
      21.177067
     ],
     [
      79.044395,
      21.177598
     ],
     [
      79.044411,
      21.177654
     ],
     [
      79.044348,
      21.177925
     ],
     [
      79.044308,
      21.178422
     ],
     [
      79.044352,
      21.178842
     ],
     [
      79.044418,
      21.178959
     ]
    ]
   }
  },
  {
   "type": "Feature",
   "properties": {
    "osm_id": 143748508,
    "waterway": "drain",
    "name": "",
    "name_en": "",
    "tunnel": "",
    "intermittent": ""
   },
   "geometry": {
    "type": "LineString",
    "coordinates": [
     [
      79.080595,
      21.196104
     ],
     [
      79.081657,
      21.195986
     ],
     [
      79.08178,
      21.195913
     ],
     [
      79.081884,
      21.195717
     ],
     [
      79.081913,
      21.195618
     ],
     [
      79.08199,
      21.195584
     ],
     [
      79.082547,
      21.19556
     ],
     [
      79.082635,
      21.195636
     ],
     [
      79.083195,
      21.195883
     ],
     [
      79.083253,
      21.195956
     ],
     [
      79.083263,
      21.196393
     ],
     [
      79.083289,
      21.196505
     ],
     [
      79.083658,
      21.196683
     ],
     [
      79.083791,
      21.196726
     ],
     [
      79.084111,
      21.197006
     ],
     [
      79.084441,
      21.197178
     ],
     [
      79.084836,
      21.197508
     ],
     [
      79.084846,
      21.197677
     ],
     [
      79.085063,
      21.197755
     ],
     [
      79.085189,
      21.197879
     ],
     [
      79.085316,
      21.197821
     ],
     [
      79.085549,
      21.197719
     ],
     [
      79.085724,
      21.197758
     ],
     [
      79.085976,
      21.197861
     ],
     [
      79.086805,
      21.198102
     ],
     [
      79.087097,
      21.198087
     ],
     [
      79.087582,
      21.19806
     ],
     [
      79.087654,
      21.197951
     ],
     [
      79.087722,
      21.197788
     ],
     [
      79.087812,
      21.197704
     ],
     [
      79.088188,
      21.197761
     ],
     [
      79.088356,
      21.197704
     ],
     [
      79.088589,
      21.197396
     ],
     [
      79.088894,
      21.197178
     ],
     [
      79.089285,
      21.196973
     ]
    ]
   }
  },
  {
   "type": "Feature",
   "properties": {
    "osm_id": 150333345,
    "waterway": "river",
    "name": "Vena",
    "name_en": "",
    "tunnel": "",
    "intermittent": ""
   },
   "geometry": {
    "type": "LineString",
    "coordinates": [
     [
      78.86942,
      21.148722
     ],
     [
      78.872039,
      21.142896
     ],
     [
      78.869945,
      21.140167
     ],
     [
      78.870485,
      21.13887
     ],
     [
      78.871125,
      21.137936
     ],
     [
      78.871425,
      21.13732
     ],
     [
      78.871485,
      21.136821
     ],
     [
      78.87124,
      21.136433
     ],
     [
      78.870952,
      21.135981
     ],
     [
      78.871073,
      21.135416
     ],
     [
      78.871453,
      21.135033
     ],
     [
      78.872224,
      21.134734
     ],
     [
      78.873925,
      21.134062
     ],
     [
      78.876089,
      21.131173
     ],
     [
      78.878096,
      21.130104
     ],
     [
      78.879157,
      21.129539
     ],
     [
      78.880198,
      21.128143
     ],
     [
      78.880742,
      21.127919
     ],
     [
      78.881801,
      21.127843
     ],
     [
      78.88242,
      21.127374
     ],
     [
      78.882929,
      21.124962
     ],
     [
      78.882593,
      21.122255
     ],
     [
      78.88266,
      21.121875
     ],
     [
      78.883415,
      21.121177
     ],
     [
      78.884415,
      21.120751
     ],
     [
      78.885963,
      21.120761
     ],
     [
      78.888777,
      21.120047
     ],
     [
      78.89023,
      21.118203
     ],
     [
      78.891345,
      21.117501
     ],
     [
      78.893103,
      21.117943
     ],
     [
      78.894243,
      21.119022
     ],
     [
      78.895071,
      21.119227
     ],
     [
      78.896161,
      21.118707
     ],
     [
      78.897056,
      21.118534
     ],
     [
      78.898982,
      21.119385
     ],
     [
      78.900207,
      21.119684
     ],
     [
      78.901735,
      21.119546
     ],
     [
      78.902871,
      21.119302
     ],
     [
      78.903985,
      21.119992
     ],
     [
      78.904786,
      21.121014
     ],
     [
      78.905551,
      21.12146
     ],
     [
      78.906065,
      21.121467
     ],
     [
      78.907197,
      21.120877
     ],
     [
      78.909521,
      21.121707
     ],
     [
      78.910079,
      21.122345
     ],
     [
      78.910601,
      21.122619
     ],
     [
      78.911146,
      21.122468
     ],
     [
      78.9118,
      21.121549
     ],
     [
      78.912601,
      21.119749
     ],
     [
      78.912719,
      21.118367
     ],
     [
      78.913494,
      21.117618
     ],
     [
      78.913533,
      21.11758
     ],
     [
      78.914836,
      21.117173
     ],
     [
      78.916005,
      21.116618
     ],
     [
      78.916549,
      21.11659
     ],
     [
      78.916866,
      21.11705
     ],
     [
      78.917005,
      21.117509
     ],
     [
      78.917645,
      21.117777
     ],
     [
      78.918366,
      21.117551
     ],
     [
      78.918983,
      21.116769
     ],
     [
      78.919351,
      21.116474
     ],
     [
      78.919968,
      21.116542
     ],
     [
      78.920395,
      21.11694
     ],
     [
      78.920372,
      21.117777
     ],
     [
      78.920497,
      21.11823
     ],
     [
      78.920799,
      21.118333
     ],
     [
      78.922395,
      21.117174
     ],
     [
      78.923255,
      21.117085
     ],
     [
      78.923961,
      21.117558
     ],
     [
      78.924564,
      21.119321
     ],
     [
      78.924973,
      21.119729
     ],
     [
      78.926012,
      21.119787
     ],
     [
      78.927255,
      21.118937
     ],
     [
      78.929237,
      21.118013
     ],
     [
      78.932107,
      21.116735
     ],
     [
      78.933041,
      21.115398
     ],
     [
      78.933129,
      21.114712
     ],
     [
      78.932511,
      21.113347
     ],
     [
      78.9327,
      21.111709
     ],
     [
      78.932288,
      21.110612
     ],
     [
      78.931759,
      21.109322
     ],
     [
      78.931872,
      21.107931
     ],
     [
      78.932055,
      21.106987
     ],
     [
      78.932627,
      21.106331
     ],
     [
      78.934118,
      21.105718
     ],
     [
      78.934936,
      21.105757
     ],
     [
      78.934984,
      21.105759
     ],
     [
      78.936073,
      21.105596
     ],
     [
      78.937124,
      21.105098
     ],
     [
      78.938216,
      21.105305
     ],
     [
      78.939199,
      21.105753
     ],
     [
      78.940371,
      21.105607
     ],
     [
      78.941079,
      21.104998
     ],
     [
      78.941883,
      21.103498
     ],
     [
      78.941704,
      21.102868
     ],
     [
      78.941725,
      21.102298
     ],
     [
      78.942083,
      21.10155
     ],
     [
      78.941974,
      21.100591
     ],
     [
      78.942155,
      21.099708
     ],
     [
      78.942722,
      21.099131
     ],
     [
      78.94343,
      21.09895
     ],
     [
      78.944115,
      21.099298
     ],
     [
      78.945003,
      21.09948
     ],
     [
      78.945494,
      21.099313
     ],
     [
      78.945922,
      21.098964
     ],
     [
      78.947219,
      21.096324
     ],
     [
      78.947561,
      21.095428
     ],
     [
      78.947856,
      21.093775
     ],
     [
      78.948447,
      21.092957
     ],
     [
      78.949609,
      21.091511
     ],
     [
      78.950144,
      21.091124
     ],
     [
      78.950386,
      21.09067
     ],
     [
      78.950338,
      21.089557
     ],
     [
      78.94912,
      21.088309
     ],
     [
      78.949185,
      21.08762
     ],
     [
      78.949803,
      21.087172
     ],
     [
      78.950707,
      21.087172
     ],
     [
      78.951639,
      21.087031
     ],
     [
      78.952903,
      21.086626
     ],
     [
      78.954389,
      21.085553
     ],
     [
      78.957,
      21.084598
     ],
     [
      78.958151,
      21.084456
     ],
     [
      78.958627,
      21.084624
     ],
     [
      78.959051,
      21.084515
     ],
     [
      78.959423,
      21.083766
     ],
     [
      78.959364,
      21.083011
     ],
     [
      78.959509,
      21.082312
     ],
     [
      78.960561,
      21.081363
     ],
     [
      78.960783,
      21.080767
     ],
     [
      78.96073,
      21.079269
     ],
     [
      78.961239,
      21.078197
     ],
     [
      78.961879,
      21.077674
     ],
     [
      78.963633,
      21.077091
     ],
     [
      78.964867,
      21.076225
     ],
     [
      78.965474,
      21.0752
     ],
     [
      78.965735,
      21.07495
     ],
     [
      78.966498,
      21.07449
     ],
     [
      78.967573,
      21.074116
     ],
     [
      78.969336,
      21.073302
     ],
     [
      78.970457,
      21.072596
     ],
     [
      78.971541,
      21.071644
     ],
     [
      78.973598,
      21.07129
     ],
     [
      78.975743,
      21.070403
     ],
     [
      78.976668,
      21.069705
     ],
     [
      78.978326,
      21.067205
     ],
     [
      78.978989,
      21.065749
     ],
     [
      78.979552,
      21.065137
     ],
     [
      78.980142,
      21.064896
     ],
     [
      78.980927,
      21.065198
     ],
     [
      78.981844,
      21.065078
     ],
     [
      78.982929,
      21.064578
     ],
     [
      78.983575,
      21.063252
     ],
     [
      78.984015,
      21.061173
     ],
     [
      78.984511,
      21.060036
     ],
     [
      78.98473,
      21.059436
     ],
     [
      78.984788,
      21.058714
     ],
     [
      78.984832,
      21.057937
     ],
     [
      78.984891,
      21.056669
     ],
     [
      78.985081,
      21.056137
     ],
     [
      78.98527,
      21.055673
     ],
     [
      78.985709,
      21.055074
     ],
     [
      78.986498,
      21.054201
     ],
     [
      78.987842,
      21.052224
     ],
     [
      78.987856,
      21.051761
     ],
     [
      78.98736,
      21.050643
     ],
     [
      78.98752,
      21.050165
     ],
     [
      78.987637,
      21.049443
     ],
     [
      78.98752,
      21.048761
     ],
     [
      78.987403,
      21.048107
     ],
     [
      78.987447,
      21.047643
     ],
     [
      78.987637,
      21.047248
     ],
     [
      78.987871,
      21.046771
     ],
     [
      78.988134,
      21.046525
     ],
     [
      78.988981,
      21.04643
     ],
     [
      78.990077,
      21.046907
     ],
     [
      78.990939,
      21.047439
     ],
     [
      78.991961,
      21.047507
     ],
     [
      78.992692,
      21.047466
     ],
     [
      78.993717,
      21.047505
     ],
     [
      78.994389,
      21.047552
     ],
     [
      78.995061,
      21.047511
     ],
     [
      78.995624,
      21.047273
     ],
     [
      78.995982,
      21.046802
     ],
     [
      78.996223,
      21.046373
     ],
     [
      78.997085,
      21.045446
     ],
     [
      78.99734,
      21.044887
     ],
     [
      78.997435,
      21.04458
     ],
     [
      78.997428,
      21.044273
     ],
     [
      78.997421,
      21.043748
     ],
     [
      78.997377,
      21.043108
     ],
     [
      78.997202,
      21.042671
     ],
     [
      78.996917,
      21.042371
     ],
     [
      78.996581,
      21.042078
     ],
     [
      78.996296,
      21.04186
     ],
     [
      78.995901,
      21.041458
     ],
     [
      78.995836,
      21.041212
     ],
     [
      78.995763,
      21.040872
     ],
     [
      78.995857,
      21.040633
     ],
     [
      78.996121,
      21.040251
     ],
     [
      78.996456,
      21.039897
     ],
     [
      78.996814,
      21.039583
     ],
     [
      78.99715,
      21.039324
     ],
     [
      78.997443,
      21.039058
     ],
     [
      78.997852,
      21.038683
     ],
     [
      78.998158,
      21.03809
     ],
     [
      78.998261,
      21.037742
     ],
     [
      78.998261,
      21.037395
     ],
     [
      78.998071,
      21.03704
     ],
     [
      78.997859,
      21.036781
     ],
     [
      78.997085,
      21.035738
     ],
     [
      78.996982,
      21.035452
     ],
     [
      78.997077,
      21.03432
     ],
     [
      78.997216,
      21.033604
     ],
     [
      78.997362,
      21.032486
     ],
     [
      78.997355,
      21.031995
     ],
     [
      78.997355,
      21.031722
     ],
     [
      78.997662,
      21.030713
     ],
     [
      78.998392,
      21.030052
     ],
     [
      78.999364,
      21.029029
     ],
     [
      78.999753,
      21.028752
     ],
     [
      79.000204,
      21.028481
     ],
     [
      79.000816,
      21.028252
     ],
     [
      79.001511,
      21.02817
     ],
     [
      79.002906,
      21.028347
     ],
     [
      79.003279,
      21.028477
     ],
     [
      79.003754,
      21.028416
     ],
     [
      79.004177,
      21.028198
     ],
     [
      79.00444,
      21.02785
     ],
     [
      79.004615,
      21.027298
     ],
     [
      79.004535,
      21.0268
     ],
     [
      79.004243,
      21.026309
     ],
     [
      79.003834,
      21.025764
     ],
     [
      79.003542,
      21.025245
     ],
     [
      79.002556,
      21.023711
     ],
     [
      79.001718,
      21.022255
     ],
     [
      79.001409,
      21.021439
     ],
     [
      79.001014,
      21.02099
     ],
     [
      79.000822,
      21.020851
     ],
     [
      79.000128,
      21.020492
     ],
     [
      78.999445,
      21.020453
     ],
     [
      78.998827,
      21.020522
     ],
     [
      78.99824,
      21.020672
     ],
     [
      78.99777,
      21.020712
     ],
     [
      78.996991,
      21.020473
     ],
     [
      78.996874,
      21.020124
     ],
     [
      78.996778,
      21.019526
     ],
     [
      78.996735,
      21.019128
     ],
     [
      78.996949,
      21.018729
     ],
     [
      78.99729,
      21.018421
     ],
     [
      78.997856,
      21.018331
     ],
     [
      78.998336,
      21.018241
     ],
     [
      78.999317,
      21.018092
     ],
     [
      79.000523,
      21.017962
     ],
     [
      79.001462,
      21.017883
     ],
     [
      79.00238,
      21.017684
     ],
     [
      79.00302,
      21.017305
     ],
     [
      79.003756,
      21.016887
     ],
     [
      79.004087,
      21.016548
     ],
     [
      79.004322,
      21.01616
     ],
     [
      79.004439,
      21.015701
     ],
     [
      79.004471,
      21.015084
     ],
     [
      79.004343,
      21.014187
     ],
     [
      79.003895,
      21.013002
     ],
     [
      79.003628,
      21.012564
     ],
     [
      79.003308,
      21.012265
     ],
     [
      79.002711,
      21.012055
     ],
     [
      79.002295,
      21.012006
     ],
     [
      79.00174,
      21.012085
     ],
     [
      79.000779,
      21.012693
     ],
     [
      79.000395,
      21.013121
     ],
     [
      78.999872,
      21.013251
     ],
     [
      78.999317,
      21.013081
     ],
     [
      78.998933,
      21.012783
     ],
     [
      78.998613,
      21.012514
     ],
     [
      78.998432,
      21.012275
     ],
     [
      78.998314,
      21.011976
     ],
     [
      78.998165,
      21.011428
     ],
     [
      78.998208,
      21.011129
     ],
     [
      78.9984,
      21.010661
     ],
     [
      78.999339,
      21.010103
     ],
     [
      79.000086,
      21.009476
     ],
     [
      79.000747,
      21.009017
     ],
     [
      79.002327,
      21.007533
     ],
     [
      79.002945,
      21.006935
     ],
     [
      79.003286,
      21.006397
     ],
     [
      79.00366,
      21.006066
     ],
     [
      79.004238,
      21.006117
     ],
     [
      79.005112,
      21.006308
     ],
     [
      79.005667,
      21.006108
     ],
     [
      79.006019,
      21.005909
     ],
     [
      79.006488,
      21.005541
     ],
     [
      79.006648,
      21.005242
     ],
     [
      79.006733,
      21.004924
     ],
     [
      79.00684,
      21.004525
     ],
     [
      79.006755,
      21.003419
     ],
     [
      79.006616,
      21.002522
     ],
     [
      79.006061,
      21.001427
     ],
     [
      79.00572,
      21.000938
     ],
     [
      79.005645,
      21.000739
     ],
     [
      79.005699,
      21.0004
     ],
     [
      79.005912,
      21.000121
     ],
     [
      79.006435,
      20.999922
     ],
     [
      79.006648,
      20.999663
     ],
     [
      79.007128,
      20.998249
     ],
     [
      79.007011,
      20.997641
     ],
     [
      79.006904,
      20.996983
     ],
     [
      79.006499,
      20.995768
     ],
     [
      79.006574,
      20.995379
     ],
     [
      79.006723,
      20.994951
     ],
     [
      79.006958,
      20.994682
     ],
     [
      79.007353,
      20.994393
     ],
     [
      79.007737,
      20.994154
     ],
     [
      79.008206,
      20.993457
     ],
     [
      79.008313,
      20.992351
     ],
     [
      79.007886,
      20.990787
     ],
     [
      79.007417,
      20.98989
     ],
     [
      79.006776,
      20.989711
     ],
     [
      79.006221,
      20.989721
     ],
     [
      79.005122,
      20.989671
     ],
     [
      79.003682,
      20.989332
     ],
     [
      79.003148,
      20.988864
     ],
     [
      79.002967,
      20.988585
     ],
     [
      79.00254,
      20.987818
     ],
     [
      79.001644,
      20.985855
     ],
     [
      79.001804,
      20.983663
     ],
     [
      79.001708,
      20.983145
     ],
     [
      79.001761,
      20.981392
     ],
     [
      79.002049,
      20.980834
     ],
     [
      79.002295,
      20.980415
     ],
     [
      79.002529,
      20.980027
     ],
     [
      79.002732,
      20.979289
     ],
     [
      79.002721,
      20.978711
     ],
     [
      79.002081,
      20.977725
     ],
     [
      79.00158,
      20.977257
     ],
     [
      79.000843,
      20.976799
     ],
     [
      78.999979,
      20.976639
     ],
     [
      78.99873,
      20.97634
     ],
     [
      78.99681,
      20.975623
     ],
     [
      78.996052,
      20.974676
     ],
     [
      78.99506,
      20.973471
     ],
     [
      78.994195,
      20.972464
     ],
     [
      78.993939,
      20.971577
     ],
     [
      78.993854,
      20.97086
     ],
     [
      78.993694,
      20.970481
     ],
     [
      78.993544,
      20.970282
     ],
     [
      78.992766,
      20.970053
     ],
     [
      78.992275,
      20.970033
     ],
     [
      78.991656,
      20.969953
     ],
     [
      78.991048,
      20.969814
     ],
     [
      78.990493,
      20.969545
     ],
     [
      78.989906,
      20.969096
     ],
     [
      78.988977,
      20.968299
     ],
     [
      78.988476,
      20.967791
     ],
     [
      78.988487,
      20.967313
     ],
     [
      78.988625,
      20.966795
     ],
     [
      78.988732,
      20.966316
     ],
     [
      78.988796,
      20.965729
     ],
     [
      78.988839,
      20.96518
     ],
     [
      78.988796,
      20.964304
     ],
     [
      78.988124,
      20.96245
     ],
     [
      78.988134,
      20.961593
     ],
     [
      78.988145,
      20.961364
     ],
     [
      78.988412,
      20.960607
     ],
     [
      78.988625,
      20.960089
     ],
     [
      78.988913,
      20.95965
     ],
     [
      78.989233,
      20.959341
     ],
     [
      78.989714,
      20.958973
     ],
     [
      78.990087,
      20.958454
     ],
     [
      78.990557,
      20.957229
     ],
     [
      78.990727,
      20.95672
     ],
     [
      78.99077,
      20.956013
     ],
     [
      78.990503,
      20.955415
     ],
     [
      78.990183,
      20.955046
     ],
     [
      78.989586,
      20.954817
     ],
     [
      78.988465,
      20.954419
     ],
     [
      78.987878,
      20.954159
     ],
     [
      78.987003,
      20.953741
     ],
     [
      78.985648,
      20.953004
     ],
     [
      78.984453,
      20.952485
     ],
     [
      78.983503,
      20.951758
     ],
     [
      78.983241,
      20.951353
     ]
    ]
   }
  },
  {
   "type": "Feature",
   "properties": {
    "osm_id": 162029068,
    "waterway": "stream",
    "name": "",
    "name_en": "",
    "tunnel": "",
    "intermittent": ""
   },
   "geometry": {
    "type": "LineString",
    "coordinates": [
     [
      79.058808,
      21.160991
     ],
     [
      79.059014,
      21.160176
     ],
     [
      79.059462,
      21.158075
     ],
     [
      79.059497,
      21.157853
     ]
    ]
   }
  },
  {
   "type": "Feature",
   "properties": {
    "osm_id": 169804026,
    "waterway": "river",
    "name": "Kanhan",
    "name_en": "",
    "tunnel": "",
    "intermittent": ""
   },
   "geometry": {
    "type": "LineString",
    "coordinates": [
     [
      79.169788,
      21.268658
     ],
     [
      79.171124,
      21.264128
     ],
     [
      79.175452,
      21.255506
     ],
     [
      79.174806,
      21.253456
     ],
     [
      79.172866,
      21.251648
     ],
     [
      79.167692,
      21.251046
     ],
     [
      79.164071,
      21.252613
     ],
     [
      79.161711,
      21.253155
     ],
     [
      79.159415,
      21.25301
     ],
     [
      79.158025,
      21.250569
     ],
     [
      79.158477,
      21.248851
     ],
     [
      79.160223,
      21.248098
     ],
     [
      79.162907,
      21.245355
     ],
     [
      79.164976,
      21.244421
     ],
     [
      79.16808,
      21.24186
     ],
     [
      79.169891,
      21.241619
     ],
     [
      79.170958,
      21.241799
     ],
     [
      79.17403,
      21.243366
     ],
     [
      79.181143,
      21.246922
     ],
     [
      79.182533,
      21.24641
     ],
     [
      79.191037,
      21.241799
     ],
     [
      79.191942,
      21.239901
     ],
     [
      79.196307,
      21.230437
     ],
     [
      79.19773,
      21.229322
     ],
     [
      79.205102,
      21.226821
     ],
     [
      79.210889,
      21.22661
     ],
     [
      79.214705,
      21.227454
     ],
     [
      79.217776,
      21.229021
     ],
     [
      79.220755,
      21.229981
     ],
     [
      79.223508,
      21.229245
     ],
     [
      79.225886,
      21.228195
     ],
     [
      79.227847,
      21.226704
     ],
     [
      79.229267,
      21.225478
     ],
     [
      79.230257,
      21.22233
     ],
     [
      79.230712,
      21.221055
     ],
     [
      79.231953,
      21.21993
     ],
     [
      79.2321,
      21.21802
     ],
     [
      79.23279,
      21.215343
     ],
     [
      79.234234,
      21.212534
     ],
     [
      79.235236,
      21.210605
     ],
     [
      79.236659,
      21.208254
     ],
     [
      79.237467,
      21.207832
     ],
     [
      79.238049,
      21.20753
     ],
     [
      79.238114,
      21.206415
     ],
     [
      79.239472,
      21.202617
     ],
     [
      79.240636,
      21.201562
     ],
     [
      79.242285,
      21.200537
     ],
     [
      79.243578,
      21.199542
     ],
     [
      79.245486,
      21.19909
     ],
     [
      79.247361,
      21.198035
     ],
     [
      79.248978,
      21.197733
     ],
     [
      79.250498,
      21.197552
     ],
     [
      79.252599,
      21.197251
     ],
     [
      79.254507,
      21.196196
     ],
     [
      79.259001,
      21.196527
     ],
     [
      79.261976,
      21.198306
     ],
     [
      79.263302,
      21.200115
     ],
     [
      79.264757,
      21.202617
     ],
     [
      79.264886,
      21.204516
     ],
     [
      79.266307,
      21.206735
     ],
     [
      79.26702,
      21.208826
     ],
     [
      79.269897,
      21.211509
     ],
     [
      79.27132,
      21.211961
     ],
     [
      79.273389,
      21.212202
     ],
     [
      79.274263,
      21.211991
     ],
     [
      79.275782,
      21.211208
     ],
     [
      79.277108,
      21.209098
     ],
     [
      79.277722,
      21.207138
     ],
     [
      79.277399,
      21.20542
     ],
     [
      79.27769,
      21.204034
     ],
     [
      79.278401,
      21.202014
     ],
     [
      79.27908,
      21.198607
     ],
     [
      79.279242,
      21.196377
     ],
     [
      79.278983,
      21.194327
     ],
     [
      79.278595,
      21.192548
     ],
     [
      79.278434,
      21.191011
     ],
     [
      79.279436,
      21.190408
     ],
     [
      79.280406,
      21.189684
     ],
     [
      79.281699,
      21.18878
     ],
     [
      79.283963,
      21.188237
     ],
     [
      79.285288,
      21.188116
     ],
     [
      79.28726,
      21.188569
     ],
     [
      79.287519,
      21.190197
     ],
     [
      79.288683,
      21.191674
     ],
     [
      79.290914,
      21.19285
     ],
     [
      79.291916,
      21.195141
     ],
     [
      79.291819,
      21.196678
     ],
     [
      79.292401,
      21.198065
     ],
     [
      79.295635,
      21.19918
     ],
     [
      79.299579,
      21.199421
     ],
     [
      79.301584,
      21.198818
     ],
     [
      79.304429,
      21.197402
     ],
     [
      79.306499,
      21.194658
     ],
     [
      79.30679,
      21.19294
     ],
     [
      79.308018,
      21.189172
     ],
     [
      79.309279,
      21.188056
     ],
     [
      79.310864,
      21.187905
     ],
     [
      79.312254,
      21.187604
     ],
     [
      79.313386,
      21.186338
     ],
     [
      79.316037,
      21.18468
     ],
     [
      79.320014,
      21.183353
     ],
     [
      79.32134,
      21.183232
     ],
     [
      79.323053,
      21.182539
     ],
     [
      79.325026,
      21.180368
     ],
     [
      79.325866,
      21.17868
     ],
     [
      79.32758,
      21.176871
     ],
     [
      79.328388,
      21.176479
     ],
     [
      79.330005,
      21.173735
     ],
     [
      79.330684,
      21.170178
     ],
     [
      79.33104,
      21.167645
     ],
     [
      79.332268,
      21.166258
     ],
     [
      79.33382,
      21.165655
     ],
     [
      79.337377,
      21.1646
     ],
     [
      79.339899,
      21.164449
     ],
     [
      79.343649,
      21.165082
     ],
     [
      79.345654,
      21.166288
     ],
     [
      79.348758,
      21.169665
     ],
     [
      79.348661,
      21.170178
     ],
     [
      79.348661,
      21.171263
     ],
     [
      79.349114,
      21.17262
     ],
     [
      79.350181,
      21.174127
     ],
     [
      79.353404,
      21.177142
     ],
     [
      79.356421,
      21.179765
     ],
     [
      79.36043,
      21.180971
     ],
     [
      79.362564,
      21.180881
     ],
     [
      79.364278,
      21.179404
     ],
     [
      79.364731,
      21.177806
     ],
     [
      79.364698,
      21.174881
     ],
     [
      79.363858,
      21.17057
     ],
     [
      79.364892,
      21.167916
     ],
     [
      79.366574,
      21.165926
     ],
     [
      79.370001,
      21.154709
     ],
     [
      79.371618,
      21.152418
     ],
     [
      79.374819,
      21.150247
     ],
     [
      79.379391,
      21.148031
     ],
     [
      79.384558,
      21.147392
     ],
     [
      79.388547,
      21.146762
     ],
     [
      79.390868,
      21.144406
     ],
     [
      79.39142,
      21.14348
     ],
     [
      79.391865,
      21.14232
     ],
     [
      79.391953,
      21.140586
     ],
     [
      79.391371,
      21.138265
     ],
     [
      79.390685,
      21.136132
     ],
     [
      79.389954,
      21.13481
     ],
     [
      79.39015,
      21.132335
     ],
     [
      79.390749,
      21.129969
     ],
     [
      79.391807,
      21.126064
     ],
     [
      79.392802,
      21.123855
     ],
     [
      79.394459,
      21.119173
     ],
     [
      79.394269,
      21.118025
     ],
     [
      79.39498,
      21.11533
     ],
     [
      79.394317,
      21.113563
     ],
     [
      79.395642,
      21.112459
     ],
     [
      79.396996,
      21.111545
     ],
     [
      79.399446,
      21.109738
     ]
    ]
   }
  },
  {
   "type": "Feature",
   "properties": {
    "osm_id": 182622005,
    "waterway": "stream",
    "name": "",
    "name_en": "",
    "tunnel": "",
    "intermittent": ""
   },
   "geometry": {
    "type": "LineString",
    "coordinates": [
     [
      78.915357,
      21.06922
     ],
     [
      78.915789,
      21.069912
     ],
     [
      78.916189,
      21.070052
     ],
     [
      78.916529,
      21.070048
     ],
     [
      78.917075,
      21.070291
     ],
     [
      78.917347,
      21.07048
     ],
     [
      78.917597,
      21.070684
     ],
     [
      78.917955,
      21.070819
     ],
     [
      78.91852,
      21.070953
     ],
     [
      78.918878,
      21.071097
     ],
     [
      78.919374,
      21.071331
     ],
     [
      78.919721,
      21.071516
     ],
     [
      78.920724,
      21.071725
     ],
     [
      78.921071,
      21.071819
     ],
     [
      78.921343,
      21.072028
     ],
     [
      78.921556,
      21.072287
     ],
     [
      78.921962,
      21.072521
     ],
     [
      78.922629,
      21.07286
     ],
     [
      78.922805,
      21.072924
     ],
     [
      78.92313,
      21.072919
     ],
     [
      78.923306,
      21.07271
     ],
     [
      78.923498,
      21.072636
     ],
     [
      78.923797,
      21.072636
     ],
     [
      78.924187,
      21.07274
     ],
     [
      78.924352,
      21.072899
     ],
     [
      78.924496,
      21.073134
     ],
     [
      78.924651,
      21.073343
     ],
     [
      78.92528,
      21.073905
     ],
     [
      78.925665,
      21.074358
     ],
     [
      78.925873,
      21.074458
     ],
     [
      78.926044,
      21.074722
     ],
     [
      78.926321,
      21.07514
     ],
     [
      78.926481,
      21.075334
     ],
     [
      78.926886,
      21.075588
     ],
     [
      78.927047,
      21.075668
     ],
     [
      78.927548,
      21.075986
     ],
     [
      78.927932,
      21.075931
     ],
     [
      78.928151,
      21.075991
     ],
     [
      78.928386,
      21.07618
     ],
     [
      78.928407,
      21.076404
     ],
     [
      78.928396,
      21.076743
     ],
     [
      78.928636,
      21.077096
     ],
     [
      78.928855,
      21.077236
     ],
     [
      78.929149,
      21.07731
     ],
     [
      78.929512,
      21.077325
     ],
     [
      78.929912,
      21.077116
     ],
     [
      78.930477,
      21.076773
     ],
     [
      78.930963,
      21.076718
     ],
     [
      78.93163,
      21.076703
     ],
     [
      78.932254,
      21.076808
     ],
     [
      78.932723,
      21.076823
     ],
     [
      78.933102,
      21.076937
     ],
     [
      78.933513,
      21.077121
     ],
     [
      78.933956,
      21.07735
     ],
     [
      78.934548,
      21.077843
     ],
     [
      78.935231,
      21.078391
     ],
     [
      78.935839,
      21.078749
     ],
     [
      78.936538,
      21.078824
     ],
     [
      78.936762,
      21.078804
     ],
     [
      78.937157,
      21.078824
     ],
     [
      78.937611,
      21.078953
     ],
     [
      78.938491,
      21.079262
     ],
     [
      78.938795,
      21.07963
     ],
     [
      78.939057,
      21.079805
     ],
     [
      78.939281,
      21.079795
     ],
     [
      78.939425,
      21.079795
     ],
     [
      78.939499,
      21.080024
     ],
     [
      78.939462,
      21.080253
     ],
     [
      78.939483,
      21.080472
     ],
     [
      78.939617,
      21.080606
     ],
     [
      78.939921,
      21.080621
     ],
     [
      78.940358,
      21.080467
     ],
     [
      78.940689,
      21.080078
     ],
     [
      78.940924,
      21.079695
     ],
     [
      78.941559,
      21.079232
     ],
     [
      78.942034,
      21.079108
     ],
     [
      78.942327,
      21.079148
     ],
     [
      78.942791,
      21.079342
     ],
     [
      78.94332,
      21.079625
     ],
     [
      78.943869,
      21.07975
     ],
     [
      78.944371,
      21.079755
     ],
     [
      78.944845,
      21.079864
     ],
     [
      78.945256,
      21.079864
     ],
     [
      78.945566,
      21.079919
     ],
     [
      78.94571,
      21.079924
     ],
     [
      78.945854,
      21.079601
     ],
     [
      78.945832,
      21.079357
     ],
     [
      78.945913,
      21.079018
     ],
     [
      78.946051,
      21.078849
     ],
     [
      78.946323,
      21.078739
     ],
     [
      78.946467,
      21.078859
     ],
     [
      78.946692,
      21.079018
     ],
     [
      78.946948,
      21.079073
     ],
     [
      78.94706,
      21.078923
     ],
     [
      78.94754,
      21.078381
     ],
     [
      78.94771,
      21.078261
     ],
     [
      78.947951,
      21.078172
     ],
     [
      78.948249,
      21.078132
     ],
     [
      78.949076,
      21.078102
     ],
     [
      78.950688,
      21.078212
     ],
     [
      78.951104,
      21.078366
     ],
     [
      78.951573,
      21.078555
     ],
     [
      78.951893,
      21.07865
     ],
     [
      78.952155,
      21.078864
     ],
     [
      78.952411,
      21.079043
     ],
     [
      78.952854,
      21.079158
     ],
     [
      78.953681,
      21.079003
     ],
     [
      78.953964,
      21.078864
     ],
     [
      78.954252,
      21.07862
     ],
     [
      78.954705,
      21.078466
     ],
     [
      78.955036,
      21.078326
     ],
     [
      78.955591,
      21.078207
     ],
     [
      78.956146,
      21.078082
     ],
     [
      78.956335,
      21.078047
     ],
     [
      78.956823,
      21.077956
     ],
     [
      78.958082,
      21.077886
     ],
     [
      78.958571,
      21.077968
     ],
     [
      78.959253,
      21.077944
     ],
     [
      78.959491,
      21.077828
     ],
     [
      78.959804,
      21.077414
     ],
     [
      78.96076,
      21.076571
     ],
     [
      78.961354,
      21.076446
     ],
     [
      78.962382,
      21.075941
     ],
     [
      78.962933,
      21.075825
     ],
     [
      78.963213,
      21.075917
     ],
     [
      78.963334,
      21.076078
     ],
     [
      78.963256,
      21.076288
     ],
     [
      78.963181,
      21.076556
     ],
     [
      78.963321,
      21.07693
     ],
     [
      78.963633,
      21.077091
     ]
    ]
   }
  },
  {
   "type": "Feature",
   "properties": {
    "osm_id": 182622008,
    "waterway": "stream",
    "name": "",
    "name_en": "",
    "tunnel": "",
    "intermittent": ""
   },
   "geometry": {
    "type": "LineString",
    "coordinates": [
     [
      78.975743,
      21.070403
     ],
     [
      78.97563,
      21.070909
     ],
     [
      78.975391,
      21.07126
     ],
     [
      78.975065,
      21.071454
     ],
     [
      78.974507,
      21.072282
     ],
     [
      78.974126,
      21.072651
     ],
     [
      78.973727,
      21.072907
     ],
     [
      78.973573,
      21.073126
     ],
     [
      78.973596,
      21.073346
     ],
     [
      78.973806,
      21.073333
     ],
     [
      78.973838,
      21.073505
     ],
     [
      78.973797,
      21.073772
     ],
     [
      78.974126,
      21.074026
     ],
     [
      78.974133,
      21.074568
     ],
     [
      78.974325,
      21.075038
     ],
     [
      78.974023,
      21.075287
     ],
     [
      78.973617,
      21.075384
     ],
     [
      78.973469,
      21.0755
     ],
     [
      78.97343,
      21.075765
     ],
     [
      78.973218,
      21.076079
     ],
     [
      78.972842,
      21.076389
     ],
     [
      78.972602,
      21.076671
     ],
     [
      78.972247,
      21.076812
     ],
     [
      78.971996,
      21.076829
     ],
     [
      78.971797,
      21.07707
     ],
     [
      78.971594,
      21.077498
     ],
     [
      78.971138,
      21.077877
     ],
     [
      78.97012,
      21.07845
     ],
     [
      78.969654,
      21.078708
     ],
     [
      78.969151,
      21.079341
     ],
     [
      78.96892,
      21.079771
     ],
     [
      78.968813,
      21.080219
     ],
     [
      78.968552,
      21.080761
     ],
     [
      78.96866,
      21.081321
     ],
     [
      78.968862,
      21.081637
     ],
     [
      78.968858,
      21.081972
     ],
     [
      78.968669,
      21.082465
     ],
     [
      78.968819,
      21.084018
     ],
     [
      78.968748,
      21.084246
     ],
     [
      78.968193,
      21.085467
     ],
     [
      78.967939,
      21.08578
     ],
     [
      78.967801,
      21.086103
     ],
     [
      78.967583,
      21.086325
     ],
     [
      78.967332,
      21.086891
     ],
     [
      78.967221,
      21.087159
     ],
     [
      78.967188,
      21.087457
     ],
     [
      78.96697,
      21.08799
     ],
     [
      78.966862,
      21.088154
     ],
     [
      78.966779,
      21.088618
     ],
     [
      78.966672,
      21.088846
     ],
     [
      78.966559,
      21.089709
     ],
     [
      78.966403,
      21.089968
     ],
     [
      78.966139,
      21.090211
     ],
     [
      78.96609,
      21.09037
     ],
     [
      78.966253,
      21.090723
     ],
     [
      78.966305,
      21.091192
     ],
     [
      78.966286,
      21.091262
     ],
     [
      78.96607,
      21.092044
     ],
     [
      78.966113,
      21.09229
     ],
     [
      78.96626,
      21.092595
     ],
     [
      78.966269,
      21.09289
     ],
     [
      78.966253,
      21.093191
     ],
     [
      78.966384,
      21.093496
     ],
     [
      78.966674,
      21.093855
     ],
     [
      78.966834,
      21.093949
     ],
     [
      78.967039,
      21.094275
     ],
     [
      78.967493,
      21.094756
     ],
     [
      78.967986,
      21.095182
     ],
     [
      78.968168,
      21.095426
     ],
     [
      78.968227,
      21.095576
     ],
     [
      78.968184,
      21.09582
     ],
     [
      78.96813,
      21.096058
     ],
     [
      78.968066,
      21.096258
     ],
     [
      78.967928,
      21.096442
     ],
     [
      78.967773,
      21.09681
     ],
     [
      78.967725,
      21.097074
     ],
     [
      78.9678,
      21.097268
     ],
     [
      78.967922,
      21.097442
     ],
     [
      78.967976,
      21.097806
     ],
     [
      78.968024,
      21.09804
     ],
     [
      78.96812,
      21.098303
     ],
     [
      78.968237,
      21.098557
     ],
     [
      78.968296,
      21.098791
     ],
     [
      78.968301,
      21.099
     ],
     [
      78.968328,
      21.099528
     ],
     [
      78.968344,
      21.099812
     ],
     [
      78.968392,
      21.100145
     ],
     [
      78.968413,
      21.100339
     ],
     [
      78.968573,
      21.100633
     ],
     [
      78.968819,
      21.100852
     ],
     [
      78.969059,
      21.101011
     ],
     [
      78.969229,
      21.101081
     ],
     [
      78.969438,
      21.10124
     ],
     [
      78.969934,
      21.101609
     ],
     [
      78.970371,
      21.101738
     ],
     [
      78.970622,
      21.101823
     ],
     [
      78.970894,
      21.101942
     ],
     [
      78.971124,
      21.102017
     ],
     [
      78.971273,
      21.102042
     ],
     [
      78.971812,
      21.102335
     ],
     [
      78.972041,
      21.10242
     ],
     [
      78.972212,
      21.102544
     ],
     [
      78.972292,
      21.102664
     ],
     [
      78.972479,
      21.102878
     ],
     [
      78.972548,
      21.103112
     ],
     [
      78.972601,
      21.103271
     ],
     [
      78.972729,
      21.103356
     ],
     [
      78.972852,
      21.103341
     ],
     [
      78.972943,
      21.103326
     ],
     [
      78.973263,
      21.103341
     ],
     [
      78.973498,
      21.10341
     ],
     [
      78.97369,
      21.10354
     ],
     [
      78.973866,
      21.103684
     ],
     [
      78.97456,
      21.104247
     ],
     [
      78.974842,
      21.104431
     ],
     [
      78.974954,
      21.104695
     ],
     [
      78.975018,
      21.104914
     ],
     [
      78.975178,
      21.105143
     ],
     [
      78.975392,
      21.105606
     ],
     [
      78.975685,
      21.105889
     ],
     [
      78.975925,
      21.105989
     ],
     [
      78.976144,
      21.106039
     ],
     [
      78.976368,
      21.106068
     ],
     [
      78.976699,
      21.105984
     ],
     [
      78.977024,
      21.105884
     ],
     [
      78.97711,
      21.105914
     ],
     [
      78.977403,
      21.105949
     ],
     [
      78.977734,
      21.106248
     ],
     [
      78.978017,
      21.106482
     ],
     [
      78.978198,
      21.106681
     ],
     [
      78.978673,
      21.107258
     ],
     [
      78.978956,
      21.107482
     ],
     [
      78.979143,
      21.107641
     ],
     [
      78.979436,
      21.107786
     ],
     [
      78.979692,
      21.107766
     ],
     [
      78.9799,
      21.107801
     ],
     [
      78.980311,
      21.107928
     ],
     [
      78.980805,
      21.108017
     ],
     [
      78.980962,
      21.108214
     ],
     [
      78.981109,
      21.108283
     ],
     [
      78.981454,
      21.108329
     ],
     [
      78.981594,
      21.108305
     ],
     [
      78.981701,
      21.108289
     ],
     [
      78.981999,
      21.108273
     ],
     [
      78.982136,
      21.108288
     ],
     [
      78.982323,
      21.108341
     ],
     [
      78.982467,
      21.108368
     ],
     [
      78.982571,
      21.108468
     ],
     [
      78.982597,
      21.10857
     ],
     [
      78.982776,
      21.108975
     ],
     [
      78.982915,
      21.10912
     ],
     [
      78.983019,
      21.109239
     ],
     [
      78.983112,
      21.109319
     ],
     [
      78.983238,
      21.109393
     ],
     [
      78.983382,
      21.109378
     ],
     [
      78.983446,
      21.109319
     ],
     [
      78.983568,
      21.109227
     ],
     [
      78.983707,
      21.109187
     ],
     [
      78.983864,
      21.109182
     ],
     [
      78.984089,
      21.109085
     ],
     [
      78.984262,
      21.108955
     ],
     [
      78.984427,
      21.108858
     ],
     [
      78.984681,
      21.108811
     ],
     [
      78.984865,
      21.108776
     ],
     [
      78.985142,
      21.108731
     ],
     [
      78.985532,
      21.108759
     ],
     [
      78.985825,
      21.108809
     ],
     [
      78.986031,
      21.108851
     ],
     [
      78.986239,
      21.108901
     ],
     [
      78.986639,
      21.10906
     ],
     [
      78.986762,
      21.109112
     ],
     [
      78.986994,
      21.109304
     ],
     [
      78.987162,
      21.109535
     ],
     [
      78.987447,
      21.109961
     ],
     [
      78.987533,
      21.110098
     ],
     [
      78.987623,
      21.110155
     ],
     [
      78.987807,
      21.110142
     ],
     [
      78.987954,
      21.110118
     ],
     [
      78.988061,
      21.110115
     ],
     [
      78.988165,
      21.1101
     ],
     [
      78.988261,
      21.11005
     ],
     [
      78.988328,
      21.109961
     ],
     [
      78.988397,
      21.109859
     ],
     [
      78.988474,
      21.109759
     ],
     [
      78.988629,
      21.109607
     ],
     [
      78.988709,
      21.109463
     ],
     [
      78.988832,
      21.109374
     ],
     [
      78.988968,
      21.109269
     ],
     [
      78.989098,
      21.109219
     ],
     [
      78.989245,
      21.109239
     ],
     [
      78.989339,
      21.109314
     ],
     [
      78.989421,
      21.109418
     ],
     [
      78.989461,
      21.10952
     ],
     [
      78.989544,
      21.109622
     ],
     [
      78.989656,
      21.109714
     ],
     [
      78.989752,
      21.109831
     ],
     [
      78.989939,
      21.109998
     ],
     [
      78.990126,
      21.11016
     ],
     [
      78.99031,
      21.110242
     ],
     [
      78.990472,
      21.110287
     ],
     [
      78.990683,
      21.110272
     ],
     [
      78.990806,
      21.110235
     ],
     [
      78.991011,
      21.11021
     ],
     [
      78.99111,
      21.110242
     ],
     [
      78.991393,
      21.110381
     ],
     [
      78.99158,
      21.110342
     ],
     [
      78.991724,
      21.110267
     ],
     [
      78.991849,
      21.11021
     ],
     [
      78.991996,
      21.110187
     ],
     [
      78.992188,
      21.110145
     ],
     [
      78.992495,
      21.110115
     ],
     [
      78.992663,
      21.110083
     ],
     [
      78.992831,
      21.110053
     ],
     [
      78.992983,
      21.110038
     ],
     [
      78.993124,
      21.110013
     ],
     [
      78.993247,
      21.110011
     ],
     [
      78.993396,
      21.110016
     ],
     [
      78.993538,
      21.110021
     ],
     [
      78.993674,
      21.110033
     ],
     [
      78.993826,
      21.110043
     ],
     [
      78.993938,
      21.109998
     ],
     [
      78.994119,
      21.109916
     ],
     [
      78.994223,
      21.109871
     ],
     [
      78.994394,
      21.109804
     ],
     [
      78.994581,
      21.109789
     ],
     [
      78.994677,
      21.109854
     ],
     [
      78.99481,
      21.109884
     ],
     [
      78.994975,
      21.109879
     ],
     [
      78.995202,
      21.109941
     ],
     [
      78.995394,
      21.110033
     ],
     [
      78.995642,
      21.11005
     ],
     [
      78.995811,
      21.11008
     ],
     [
      78.99596,
      21.110145
     ],
     [
      78.996096,
      21.110289
     ],
     [
      78.996155,
      21.110328
     ]
    ]
   }
  },
  {
   "type": "Feature",
   "properties": {
    "osm_id": 183791808,
    "waterway": "stream",
    "name": "",
    "name_en": "",
    "tunnel": "",
    "intermittent": ""
   },
   "geometry": {
    "type": "LineString",
    "coordinates": [
     [
      79.164678,
      21.217611
     ],
     [
      79.166018,
      21.217453
     ],
     [
      79.166491,
      21.217152
     ],
     [
      79.166953,
      21.216522
     ],
     [
      79.167407,
      21.21626
     ],
     [
      79.167805,
      21.2164
     ],
     [
      79.168172,
      21.216418
     ],
     [
      79.168487,
      21.216285
     ],
     [
      79.16875,
      21.215733
     ],
     [
      79.169137,
      21.21546
     ],
     [
      79.169622,
      21.215306
     ],
     [
      79.170378,
      21.215134
     ],
     [
      79.170846,
      21.214925
     ],
     [
      79.171472,
      21.21438
     ],
     [
      79.171792,
      21.214009
     ],
     [
      79.172416,
      21.213348
     ],
     [
      79.173088,
      21.212683
     ],
     [
      79.17436,
      21.212581
     ],
     [
      79.174754,
      21.212494
     ],
     [
      79.175231,
      21.21213
     ],
     [
      79.175731,
      21.2115
     ],
     [
      79.176098,
      21.211115
     ],
     [
      79.176391,
      21.211066
     ],
     [
      79.176962,
      21.211223
     ],
     [
      79.177495,
      21.211654
     ],
     [
      79.177972,
      21.212438
     ],
     [
      79.178283,
      21.212683
     ],
     [
      79.179308,
      21.213008
     ],
     [
      79.179736,
      21.213563
     ],
     [
      79.179999,
      21.213879
     ],
     [
      79.180469,
      21.21401
     ],
     [
      79.181145,
      21.213846
     ],
     [
      79.181614,
      21.213337
     ],
     [
      79.181998,
      21.213088
     ],
     [
      79.18221,
      21.213036
     ],
     [
      79.182762,
      21.213177
     ],
     [
      79.18315,
      21.213535
     ],
     [
      79.183407,
      21.213626
     ],
     [
      79.183609,
      21.213527
     ],
     [
      79.183849,
      21.213337
     ],
     [
      79.183965,
      21.213129
     ],
     [
      79.184007,
      21.212828
     ],
     [
      79.183991,
      21.21272
     ],
     [
      79.184402,
      21.212504
     ],
     [
      79.18455,
      21.212506
     ],
     [
      79.184639,
      21.21263
     ],
     [
      79.184747,
      21.212746
     ],
     [
      79.184697,
      21.212961
     ],
     [
      79.184549,
      21.213186
     ],
     [
      79.184509,
      21.213438
     ],
     [
      79.184693,
      21.213777
     ],
     [
      79.184668,
      21.214124
     ],
     [
      79.184425,
      21.214458
     ],
     [
      79.184125,
      21.214659
     ],
     [
      79.183877,
      21.21483
     ],
     [
      79.183311,
      21.21543
     ],
     [
      79.183168,
      21.215745
     ],
     [
      79.183153,
      21.216074
     ],
     [
      79.183332,
      21.216466
     ],
     [
      79.183384,
      21.21687
     ],
     [
      79.183211,
      21.217389
     ],
     [
      79.183259,
      21.217526
     ],
     [
      79.183556,
      21.217917
     ],
     [
      79.183957,
      21.218434
     ],
     [
      79.184146,
      21.218487
     ],
     [
      79.184492,
      21.218401
     ],
     [
      79.184984,
      21.218148
     ],
     [
      79.185209,
      21.21809
     ],
     [
      79.18539,
      21.218175
     ],
     [
      79.185624,
      21.218562
     ],
     [
      79.185925,
      21.218557
     ],
     [
      79.186164,
      21.218343
     ],
     [
      79.186374,
      21.218196
     ],
     [
      79.18655,
      21.218196
     ],
     [
      79.186715,
      21.218302
     ],
     [
      79.186855,
      21.21855
     ],
     [
      79.187223,
      21.218729
     ],
     [
      79.187809,
      21.218982
     ],
     [
      79.188079,
      21.219068
     ],
     [
      79.188255,
      21.219167
     ],
     [
      79.188389,
      21.219378
     ],
     [
      79.188571,
      21.219873
     ],
     [
      79.188885,
      21.22072
     ],
     [
      79.189143,
      21.220863
     ],
     [
      79.189415,
      21.221176
     ],
     [
      79.189667,
      21.221289
     ],
     [
      79.190054,
      21.221261
     ],
     [
      79.190468,
      21.221445
     ],
     [
      79.191432,
      21.221176
     ],
     [
      79.191549,
      21.221034
     ],
     [
      79.191985,
      21.221052
     ],
     [
      79.192113,
      21.221195
     ],
     [
      79.192579,
      21.221249
     ],
     [
      79.192812,
      21.221373
     ],
     [
      79.193297,
      21.221528
     ],
     [
      79.193827,
      21.221779
     ],
     [
      79.194077,
      21.221759
     ],
     [
      79.194487,
      21.221631
     ],
     [
      79.194908,
      21.221645
     ],
     [
      79.195286,
      21.221655
     ],
     [
      79.195957,
      21.221773
     ],
     [
      79.196164,
      21.221769
     ],
     [
      79.19663,
      21.221994
     ],
     [
      79.196799,
      21.221988
     ],
     [
      79.197284,
      21.221819
     ],
     [
      79.197707,
      21.221703
     ],
     [
      79.197982,
      21.221755
     ],
     [
      79.198309,
      21.221934
     ],
     [
      79.198521,
      21.222085
     ],
     [
      79.198734,
      21.222106
     ],
     [
      79.199369,
      21.221876
     ],
     [
      79.199707,
      21.221777
     ],
     [
      79.20007,
      21.221743
     ],
     [
      79.200341,
      21.221629
     ],
     [
      79.200531,
      21.221388
     ],
     [
      79.200595,
      21.221135
     ],
     [
      79.200542,
      21.220932
     ],
     [
      79.200685,
      21.220669
     ],
     [
      79.200924,
      21.220371
     ],
     [
      79.201403,
      21.220052
     ],
     [
      79.20176,
      21.219863
     ],
     [
      79.201941,
      21.219849
     ],
     [
      79.202164,
      21.219622
     ],
     [
      79.202341,
      21.219548
     ],
     [
      79.202792,
      21.219686
     ],
     [
      79.202888,
      21.219865
     ],
     [
      79.203027,
      21.220114
     ],
     [
      79.203232,
      21.220154
     ],
     [
      79.203567,
      21.219998
     ],
     [
      79.204144,
      21.220016
     ],
     [
      79.204392,
      21.219825
     ],
     [
      79.204869,
      21.219391
     ],
     [
      79.205174,
      21.219277
     ],
     [
      79.205495,
      21.219134
     ],
     [
      79.205885,
      21.219168
     ],
     [
      79.206204,
      21.21921
     ],
     [
      79.206627,
      21.219006
     ],
     [
      79.207249,
      21.21852
     ],
     [
      79.207618,
      21.218501
     ],
     [
      79.207828,
      21.218465
     ],
     [
      79.207975,
      21.218262
     ],
     [
      79.208234,
      21.217921
     ],
     [
      79.208509,
      21.217756
     ],
     [
      79.209056,
      21.217473
     ],
     [
      79.2094,
      21.217244
     ],
     [
      79.209633,
      21.217019
     ],
     [
      79.210253,
      21.216778
     ],
     [
      79.210509,
      21.216607
     ],
     [
      79.210617,
      21.216477
     ],
     [
      79.210907,
      21.216046
     ],
     [
      79.211089,
      21.215694
     ],
     [
      79.211352,
      21.214916
     ],
     [
      79.21148,
      21.214616
     ],
     [
      79.211743,
      21.214423
     ],
     [
      79.211995,
      21.21421
     ],
     [
      79.212025,
      21.213984
     ],
     [
      79.211985,
      21.213767
     ],
     [
      79.212143,
      21.213403
     ],
     [
      79.212262,
      21.213228
     ],
     [
      79.212351,
      21.213209
     ],
     [
      79.212673,
      21.213311
     ],
     [
      79.213212,
      21.213302
     ],
     [
      79.213618,
      21.213417
     ],
     [
      79.213925,
      21.213366
     ],
     [
      79.21395,
      21.213246
     ],
     [
      79.213905,
      21.213117
     ],
     [
      79.213821,
      21.212956
     ],
     [
      79.213999,
      21.212813
     ],
     [
      79.214237,
      21.212817
     ],
     [
      79.214464,
      21.212863
     ],
     [
      79.214618,
      21.213006
     ],
     [
      79.214786,
      21.213117
     ],
     [
      79.215172,
      21.213186
     ],
     [
      79.215365,
      21.213089
     ],
     [
      79.215523,
      21.212969
     ],
     [
      79.215647,
      21.212859
     ],
     [
      79.215791,
      21.212716
     ],
     [
      79.215904,
      21.212573
     ],
     [
      79.215865,
      21.21248
     ],
     [
      79.215701,
      21.212485
     ],
     [
      79.215548,
      21.212471
     ],
     [
      79.215514,
      21.212301
     ],
     [
      79.215632,
      21.21213
     ],
     [
      79.215756,
      21.211802
     ],
     [
      79.215919,
      21.21159
     ],
     [
      79.216018,
      21.211382
     ],
     [
      79.216177,
      21.211138
     ],
     [
      79.216375,
      21.211119
     ],
     [
      79.216597,
      21.211013
     ],
     [
      79.216765,
      21.210856
     ],
     [
      79.217023,
      21.21058
     ],
     [
      79.217146,
      21.210298
     ],
     [
      79.217246,
      21.21004
     ],
     [
      79.2173,
      21.209837
     ],
     [
      79.217458,
      21.209689
     ],
     [
      79.218161,
      21.209653
     ],
     [
      79.218438,
      21.209819
     ],
     [
      79.218527,
      21.209952
     ],
     [
      79.218646,
      21.210132
     ],
     [
      79.21869,
      21.210285
     ],
     [
      79.21875,
      21.210658
     ],
     [
      79.218948,
      21.210852
     ],
     [
      79.219156,
      21.210926
     ],
     [
      79.21925,
      21.210967
     ],
     [
      79.21967,
      21.211526
     ],
     [
      79.219908,
      21.211904
     ],
     [
      79.220002,
      21.212204
     ],
     [
      79.220086,
      21.21231
     ],
     [
      79.220165,
      21.212762
     ],
     [
      79.22021,
      21.212979
     ],
     [
      79.220492,
      21.213698
     ],
     [
      79.220685,
      21.214044
     ],
     [
      79.220863,
      21.21433
     ],
     [
      79.221036,
      21.214584
     ],
     [
      79.221333,
      21.214616
     ],
     [
      79.221669,
      21.214469
     ],
     [
      79.221833,
      21.214252
     ],
     [
      79.221952,
      21.213984
     ],
     [
      79.222105,
      21.213786
     ],
     [
      79.222293,
      21.213625
     ],
     [
      79.222496,
      21.213357
     ],
     [
      79.2226,
      21.213016
     ],
     [
      79.222634,
      21.212729
     ],
     [
      79.222649,
      21.212443
     ],
     [
      79.222644,
      21.212121
     ],
     [
      79.222585,
      21.211775
     ],
     [
      79.222496,
      21.211558
     ],
     [
      79.222451,
      21.211258
     ],
     [
      79.222422,
      21.211009
     ],
     [
      79.222437,
      21.210741
     ],
     [
      79.222461,
      21.210501
     ],
     [
      79.22257,
      21.21028
     ],
     [
      79.222753,
      21.210197
     ],
     [
      79.222921,
      21.210045
     ],
     [
      79.223075,
      21.209763
     ],
     [
      79.22309,
      21.209579
     ],
     [
      79.223139,
      21.209016
     ],
     [
      79.223114,
      21.208785
     ],
     [
      79.223119,
      21.208555
     ],
     [
      79.223322,
      21.208361
     ],
     [
      79.223525,
      21.208255
     ],
     [
      79.224634,
      21.207867
     ],
     [
      79.225198,
      21.207784
     ],
     [
      79.22548,
      21.207922
     ],
     [
      79.225628,
      21.208176
     ],
     [
      79.22591,
      21.208324
     ],
     [
      79.226168,
      21.208407
     ],
     [
      79.2269,
      21.208707
     ],
     [
      79.22735,
      21.20891
     ],
     [
      79.227598,
      21.20897
     ],
     [
      79.227801,
      21.208776
     ],
     [
      79.227845,
      21.20855
     ],
     [
      79.227771,
      21.208218
     ],
     [
      79.227746,
      21.207964
     ],
     [
      79.227811,
      21.207775
     ],
     [
      79.228004,
      21.20753
     ],
     [
      79.228691,
      21.20747
     ],
     [
      79.229043,
      21.207286
     ],
     [
      79.229449,
      21.207221
     ],
     [
      79.229681,
      21.207309
     ],
     [
      79.229849,
      21.207539
     ],
     [
      79.230047,
      21.207733
     ],
     [
      79.230295,
      21.207881
     ],
     [
      79.230636,
      21.208005
     ],
     [
      79.231091,
      21.208098
     ],
     [
      79.231324,
      21.208222
     ],
     [
      79.231398,
      21.208393
     ],
     [
      79.231398,
      21.20873
     ],
     [
      79.231359,
      21.208882
     ],
     [
      79.230844,
      21.209099
     ],
     [
      79.230404,
      21.209408
     ],
     [
      79.230186,
      21.2098
     ],
     [
      79.229998,
      21.209962
     ],
     [
      79.229741,
      21.210095
     ],
     [
      79.229523,
      21.210275
     ],
     [
      79.229439,
      21.210372
     ],
     [
      79.229285,
      21.210598
     ],
     [
      79.229112,
      21.210916
     ],
     [
      79.228978,
      21.211115
     ],
     [
      79.228875,
      21.211424
     ],
     [
      79.228835,
      21.211668
     ],
     [
      79.228964,
      21.211959
     ],
     [
      79.229206,
      21.212144
     ],
     [
      79.229597,
      21.212171
     ],
     [
      79.229914,
      21.212185
     ],
     [
      79.230221,
      21.212194
     ],
     [
      79.230557,
      21.212204
     ],
     [
      79.230874,
      21.212319
     ],
     [
      79.231581,
      21.21248
     ],
     [
      79.232111,
      21.21255
     ],
     [
      79.232725,
      21.212573
     ],
     [
      79.234234,
      21.212534
     ]
    ]
   }
  },
  {
   "type": "Feature",
   "properties": {
    "osm_id": 183791809,
    "waterway": "river",
    "name": "",
    "name_en": "",
    "tunnel": "",
    "intermittent": ""
   },
   "geometry": {
    "type": "LineString",
    "coordinates": [
     [
      79.189144,
      21.207976
     ],
     [
      79.188794,
      21.20927
     ],
     [
      79.188794,
      21.209442
     ],
     [
      79.189222,
      21.209693
     ],
     [
      79.189073,
      21.209925
     ],
     [
      79.189147,
      21.210231
     ],
     [
      79.188949,
      21.210302
     ],
     [
      79.188897,
      21.210547
     ],
     [
      79.189025,
      21.210913
     ],
     [
      79.188799,
      21.211147
     ],
     [
      79.188297,
      21.21153
     ],
     [
      79.188222,
      21.211722
     ],
     [
      79.188365,
      21.212548
     ],
     [
      79.188471,
      21.213071
     ],
     [
      79.188419,
      21.213754
     ],
     [
      79.188313,
      21.21389
     ],
     [
      79.188004,
      21.213977
     ],
     [
      79.187863,
      21.214086
     ],
     [
      79.187819,
      21.21459
     ],
     [
      79.187679,
      21.21467
     ],
     [
      79.187546,
      21.215036
     ],
     [
      79.187562,
      21.215215
     ],
     [
      79.187591,
      21.215239
     ],
     [
      79.187765,
      21.215385
     ],
     [
      79.187885,
      21.215536
     ],
     [
      79.187877,
      21.215723
     ]
    ]
   }
  },
  {
   "type": "Feature",
   "properties": {
    "osm_id": 189373627,
    "waterway": "weir",
    "name": "",
    "name_en": "",
    "tunnel": "",
    "intermittent": ""
   },
   "geometry": {
    "type": "LineString",
    "coordinates": [
     [
      79.115359,
      21.120511
     ],
     [
      79.115413,
      21.120526
     ],
     [
      79.11548,
      21.120511
     ],
     [
      79.115571,
      21.120528
     ],
     [
      79.115624,
      21.120583
     ],
     [
      79.115716,
      21.12062
     ],
     [
      79.115863,
      21.120648
     ]
    ]
   }
  },
  {
   "type": "Feature",
   "properties": {
    "osm_id": 204387277,
    "waterway": "river",
    "name": "Nag River",
    "name_en": "",
    "tunnel": "",
    "intermittent": ""
   },
   "geometry": {
    "type": "LineString",
    "coordinates": [
     [
      79.041632,
      21.12507
     ],
     [
      79.04237,
      21.124508
     ],
     [
      79.042904,
      21.124257
     ],
     [
      79.043402,
      21.124576
     ],
     [
      79.043676,
      21.124516
     ],
     [
      79.043962,
      21.124579
     ],
     [
      79.044147,
      21.124718
     ],
     [
      79.044203,
      21.125252
     ]
    ]
   }
  },
  {
   "type": "Feature",
   "properties": {
    "osm_id": 204387289,
    "waterway": "river",
    "name": "",
    "name_en": "",
    "tunnel": "",
    "intermittent": ""
   },
   "geometry": {
    "type": "LineString",
    "coordinates": [
     [
      79.124106,
      21.085143
     ],
     [
      79.124248,
      21.085426
     ],
     [
      79.124355,
      21.085648
     ],
     [
      79.124832,
      21.085749
     ],
     [
      79.125369,
      21.085771
     ],
     [
      79.125548,
      21.085659
     ],
     [
      79.125679,
      21.085481
     ],
     [
      79.126061,
      21.08547
     ],
     [
      79.126433,
      21.085469
     ],
     [
      79.126719,
      21.08538
     ],
     [
      79.127363,
      21.085402
     ],
     [
      79.128246,
      21.085335
     ],
     [
      79.128508,
      21.085669
     ],
     [
      79.128842,
      21.086047
     ],
     [
      79.129295,
      21.086292
     ],
     [
      79.130059,
      21.086403
     ],
     [
      79.130488,
      21.086582
     ],
     [
      79.131084,
      21.086737
     ],
     [
      79.131466,
      21.086737
     ],
     [
      79.132038,
      21.086671
     ],
     [
      79.132706,
      21.086849
     ],
     [
      79.133016,
      21.087027
     ],
     [
      79.13366,
      21.08716
     ],
     [
      79.134185,
      21.087316
     ],
     [
      79.13459,
      21.087049
     ],
     [
      79.134853,
      21.086648
     ],
     [
      79.135234,
      21.086047
     ],
     [
      79.135497,
      21.08578
     ],
     [
      79.135831,
      21.085491
     ],
     [
      79.136284,
      21.085291
     ],
     [
      79.136665,
      21.085424
     ],
     [
      79.136785,
      21.085691
     ],
     [
      79.137333,
      21.085958
     ],
     [
      79.137882,
      21.086003
     ],
     [
      79.138311,
      21.08578
     ],
     [
      79.138907,
      21.085825
     ],
     [
      79.139551,
      21.085625
     ],
     [
      79.139718,
      21.085825
     ],
     [
      79.140267,
      21.085825
     ],
     [
      79.140863,
      21.085914
     ],
     [
      79.140911,
      21.086159
     ],
     [
      79.141293,
      21.086359
     ],
     [
      79.141555,
      21.086292
     ],
     [
      79.141913,
      21.086403
     ],
     [
      79.142151,
      21.086604
     ],
     [
      79.142867,
      21.086604
     ],
     [
      79.14355,
      21.086456
     ],
     [
      79.144307,
      21.085961
     ],
     [
      79.144328,
      21.085725
     ],
     [
      79.144489,
      21.085625
     ],
     [
      79.144945,
      21.085416
     ],
     [
      79.145085,
      21.085224
     ],
     [
      79.145395,
      21.084935
     ],
     [
      79.14592,
      21.08489
     ],
     [
      79.14654,
      21.084846
     ],
     [
      79.146945,
      21.085002
     ],
     [
      79.147184,
      21.085335
     ],
     [
      79.147232,
      21.085825
     ],
     [
      79.147255,
      21.08627
     ],
     [
      79.147375,
      21.086715
     ],
     [
      79.147828,
      21.087182
     ],
     [
      79.148186,
      21.087182
     ],
     [
      79.148281,
      21.087494
     ],
     [
      79.14902,
      21.08805
     ],
     [
      79.149927,
      21.088584
     ],
     [
      79.150428,
      21.08894
     ],
     [
      79.151,
      21.089185
     ],
     [
      79.151477,
      21.089163
     ],
     [
      79.152097,
      21.089341
     ],
     [
      79.152574,
      21.089697
     ],
     [
      79.152932,
      21.089697
     ],
     [
      79.153337,
      21.089897
     ],
     [
      79.15391,
      21.090098
     ],
     [
      79.154506,
      21.09012
     ],
     [
      79.154983,
      21.089942
     ],
     [
      79.155484,
      21.089875
     ],
     [
      79.155913,
      21.089653
     ],
     [
      79.156223,
      21.08943
     ],
     [
      79.156653,
      21.089141
     ],
     [
      79.157154,
      21.088985
     ],
     [
      79.157798,
      21.088852
     ],
     [
      79.158299,
      21.08894
     ],
     [
      79.15899,
      21.089653
     ],
     [
      79.159419,
      21.090142
     ],
     [
      79.159849,
      21.090298
     ],
     [
      79.160636,
      21.090253
     ],
     [
      79.16159,
      21.090454
     ],
     [
      79.161848,
      21.090787
     ],
     [
      79.162051,
      21.091133
     ],
     [
      79.162253,
      21.091499
     ],
     [
      79.162587,
      21.091944
     ],
     [
      79.163684,
      21.092389
     ],
     [
      79.164591,
      21.092256
     ],
     [
      79.166022,
      21.092122
     ],
     [
      79.167119,
      21.091766
     ],
     [
      79.16793,
      21.091187
     ],
     [
      79.168645,
      21.09092
     ],
     [
      79.169838,
      21.091098
     ],
     [
      79.170124,
      21.091588
     ],
     [
      79.170029,
      21.092077
     ],
     [
      79.169647,
      21.092612
     ],
     [
      79.169456,
      21.093101
     ],
     [
      79.170076,
      21.093368
     ],
     [
      79.171555,
      21.093368
     ],
     [
      79.172891,
      21.093279
     ],
     [
      79.173893,
      21.093457
     ],
     [
      79.174417,
      21.093991
     ],
     [
      79.17456,
      21.094614
     ],
     [
      79.174465,
      21.095059
     ],
     [
      79.174417,
      21.095682
     ],
     [
      79.174847,
      21.096038
     ],
     [
      79.175849,
      21.095949
     ],
     [
      79.176441,
      21.096077
     ],
     [
      79.177089,
      21.096217
     ],
     [
      79.177852,
      21.096884
     ],
     [
      79.17914,
      21.097863
     ],
     [
      79.17976,
      21.098041
     ],
     [
      79.180714,
      21.097863
     ],
     [
      79.18143,
      21.098264
     ],
     [
      79.181954,
      21.098842
     ],
     [
      79.182527,
      21.099376
     ],
     [
      79.183433,
      21.099643
     ],
     [
      79.183958,
      21.100133
     ],
     [
      79.184816,
      21.100756
     ],
     [
      79.185675,
      21.10129
     ],
     [
      79.187345,
      21.100979
     ],
     [
      79.18911,
      21.101201
     ],
     [
      79.189682,
      21.101869
     ],
     [
      79.190732,
      21.102047
     ],
     [
      79.192306,
      21.101646
     ],
     [
      79.193164,
      21.100711
     ],
     [
      79.194309,
      21.100355
     ],
     [
      79.195263,
      21.100623
     ],
     [
      79.195979,
      21.099866
     ],
     [
      79.197219,
      21.099198
     ],
     [
      79.198793,
      21.099599
     ],
     [
      79.199986,
      21.099866
     ],
     [
      79.201226,
      21.098709
     ],
     [
      79.20125,
      21.096261
     ],
     [
      79.20218,
      21.094881
     ],
     [
      79.203296,
      21.094364
     ],
     [
      79.203802,
      21.093902
     ],
     [
      79.205233,
      21.093635
     ],
     [
      79.206283,
      21.093368
     ],
     [
      79.207428,
      21.093012
     ],
     [
      79.208572,
      21.091499
     ],
     [
      79.209336,
      21.09052
     ],
     [
      79.211053,
      21.090342
     ],
     [
      79.212198,
      21.091143
     ],
     [
      79.213533,
      21.091321
     ]
    ]
   }
  },
  {
   "type": "Feature",
   "properties": {
    "osm_id": 225644833,
    "waterway": "stream",
    "name": "",
    "name_en": "",
    "tunnel": "",
    "intermittent": ""
   },
   "geometry": {
    "type": "LineString",
    "coordinates": [
     [
      79.070806,
      21.181605
     ],
     [
      79.07089,
      21.181626
     ],
     [
      79.071013,
      21.18175
     ],
     [
      79.071068,
      21.181963
     ],
     [
      79.071187,
      21.181999
     ],
     [
      79.071258,
      21.182243
     ],
     [
      79.071436,
      21.182412
     ],
     [
      79.071572,
      21.182595
     ],
     [
      79.071691,
      21.182791
     ],
     [
      79.071755,
      21.182809
     ],
     [
      79.071859,
      21.182773
     ],
     [
      79.072011,
      21.18258
     ],
     [
      79.072188,
      21.182463
     ],
     [
      79.072472,
      21.182439
     ],
     [
      79.072592,
      21.182469
     ],
     [
      79.072711,
      21.182574
     ],
     [
      79.072821,
      21.182644
     ],
     [
      79.073199,
      21.182773
     ],
     [
      79.073273,
      21.182993
     ],
     [
      79.073441,
      21.183077
     ],
     [
      79.073628,
      21.183134
     ],
     [
      79.073731,
      21.183255
     ],
     [
      79.073738,
      21.183411
     ],
     [
      79.073699,
      21.183516
     ],
     [
      79.073483,
      21.183553
     ],
     [
      79.073373,
      21.183544
     ],
     [
      79.07325,
      21.183583
     ],
     [
      79.073195,
      21.183682
     ],
     [
      79.073163,
      21.183914
     ],
     [
      79.073211,
      21.184007
     ],
     [
      79.073312,
      21.184173
     ],
     [
      79.073366,
      21.184561
     ],
     [
      79.073479,
      21.185368
     ],
     [
      79.07356,
      21.185855
     ],
     [
      79.073667,
      21.18618
     ],
     [
      79.07366,
      21.186448
     ],
     [
      79.07365,
      21.186578
     ],
     [
      79.073744,
      21.186662
     ],
     [
      79.073883,
      21.18671
     ],
     [
      79.073954,
      21.186698
     ],
     [
      79.074109,
      21.186725
     ],
     [
      79.074519,
      21.186731
     ],
     [
      79.074735,
      21.186761
     ],
     [
      79.074832,
      21.186758
     ],
     [
      79.074922,
      21.186848
     ],
     [
      79.074987,
      21.187177
     ],
     [
      79.075019,
      21.18739
     ],
     [
      79.075168,
      21.187839
     ],
     [
      79.075245,
      21.187923
     ],
     [
      79.075562,
      21.188056
     ],
     [
      79.075594,
      21.18817
     ],
     [
      79.075591,
      21.188465
     ],
     [
      79.075668,
      21.188715
     ],
     [
      79.075794,
      21.188931
     ],
     [
      79.075894,
      21.189199
     ],
     [
      79.076078,
      21.189416
     ],
     [
      79.07623,
      21.189515
     ],
     [
      79.076469,
      21.189552
     ],
     [
      79.076901,
      21.189693
     ],
     [
      79.077325,
      21.189851
     ]
    ]
   }
  },
  {
   "type": "Feature",
   "properties": {
    "osm_id": 225888257,
    "waterway": "stream",
    "name": "",
    "name_en": "",
    "tunnel": "",
    "intermittent": ""
   },
   "geometry": {
    "type": "LineString",
    "coordinates": [
     [
      79.056257,
      21.147166
     ],
     [
      79.056567,
      21.146204
     ],
     [
      79.057033,
      21.14565
     ],
     [
      79.057537,
      21.145168
     ],
     [
      79.058325,
      21.144794
     ],
     [
      79.059062,
      21.14465
     ],
     [
      79.059656,
      21.14465
     ],
     [
      79.06007,
      21.14471
     ],
     [
      79.060651,
      21.144674
     ],
     [
      79.061271,
      21.14462
     ]
    ]
   }
  },
  {
   "type": "Feature",
   "properties": {
    "osm_id": 225888258,
    "waterway": "stream",
    "name": "",
    "name_en": "",
    "tunnel": "",
    "intermittent": ""
   },
   "geometry": {
    "type": "LineString",
    "coordinates": [
     [
      79.067204,
      21.144891
     ],
     [
      79.067514,
      21.144891
     ],
     [
      79.068173,
      21.144963
     ],
     [
      79.06882,
      21.145108
     ],
     [
      79.06913,
      21.145023
     ],
     [
      79.071327,
      21.143938
     ],
     [
      79.071611,
      21.143733
     ],
     [
      79.072076,
      21.143336
     ],
     [
      79.072581,
      21.143215
     ],
     [
      79.072826,
      21.142986
     ],
     [
      79.073278,
      21.142962
     ],
     [
      79.073511,
      21.143071
     ],
     [
      79.073666,
      21.143095
     ]
    ]
   }
  },
  {
   "type": "Feature",
   "properties": {
    "osm_id": 226312504,
    "waterway": "river",
    "name": "Kolar",
    "name_en": "",
    "tunnel": "",
    "intermittent": ""
   },
   "geometry": {
    "type": "LineString",
    "coordinates": [
     [
      78.944252,
      21.277174
     ],
     [
      78.943632,
      21.277856
     ],
     [
      78.943409,
      21.278392
     ],
     [
      78.943359,
      21.278923
     ],
     [
      78.944141,
      21.280607
     ],
     [
      78.944915,
      21.28141
     ],
     [
      78.947409,
      21.282562
     ],
     [
      78.948041,
      21.283174
     ],
     [
      78.949343,
      21.284529
     ],
     [
      78.950566,
      21.2855
     ],
     [
      78.95191,
      21.286241
     ],
     [
      78.953417,
      21.287762
     ],
     [
      78.953427,
      21.288461
     ],
     [
      78.953476,
      21.289419
     ],
     [
      78.953209,
      21.289862
     ],
     [
      78.952823,
      21.290548
     ],
     [
      78.952774,
      21.291577
     ],
     [
      78.952351,
      21.292292
     ],
     [
      78.951937,
      21.29271
     ],
     [
      78.951628,
      21.293593
     ],
     [
      78.951774,
      21.293998
     ],
     [
      78.953007,
      21.294328
     ],
     [
      78.955245,
      21.295177
     ],
     [
      78.956123,
      21.295229
     ],
     [
      78.960005,
      21.297108
     ],
     [
      78.960938,
      21.298389
     ],
     [
      78.961117,
      21.299959
     ],
     [
      78.96178,
      21.301034
     ],
     [
      78.961819,
      21.301846
     ],
     [
      78.961994,
      21.302135
     ],
     [
      78.962482,
      21.302946
     ],
     [
      78.96425,
      21.305514
     ],
     [
      78.964601,
      21.30687
     ],
     [
      78.964123,
      21.307461
     ],
     [
      78.96337,
      21.308281
     ],
     [
      78.963517,
      21.309801
     ],
     [
      78.964265,
      21.313302
     ],
     [
      78.964222,
      21.314742
     ],
     [
      78.964448,
      21.315251
     ],
     [
      78.965214,
      21.315504
     ],
     [
      78.966205,
      21.315044
     ],
     [
      78.9672,
      21.314423
     ],
     [
      78.968361,
      21.314183
     ],
     [
      78.9695,
      21.314768
     ],
     [
      78.970792,
      21.316346
     ],
     [
      78.971959,
      21.317499
     ],
     [
      78.973438,
      21.318364
     ],
     [
      78.974651,
      21.318824
     ],
     [
      78.975381,
      21.318525
     ],
     [
      78.976383,
      21.317881
     ],
     [
      78.977491,
      21.318275
     ],
     [
      78.977819,
      21.319034
     ],
     [
      78.977548,
      21.319547
     ],
     [
      78.976895,
      21.320043
     ],
     [
      78.976789,
      21.320691
     ],
     [
      78.97735,
      21.322643
     ],
     [
      78.9782,
      21.323967
     ],
     [
      78.978535,
      21.32586
     ],
     [
      78.979209,
      21.326544
     ],
     [
      78.980441,
      21.326807
     ],
     [
      78.981351,
      21.326823
     ],
     [
      78.983355,
      21.326692
     ],
     [
      78.984706,
      21.32609
     ],
     [
      78.986689,
      21.324749
     ],
     [
      78.987973,
      21.324707
     ],
     [
      78.990263,
      21.325239
     ],
     [
      78.991547,
      21.324874
     ],
     [
      78.994164,
      21.323846
     ],
     [
      78.996571,
      21.32274
     ],
     [
      78.998413,
      21.322536
     ],
     [
      78.999817,
      21.323042
     ],
     [
      79.001094,
      21.323206
     ],
     [
      79.005723,
      21.322693
     ],
     [
      79.008228,
      21.322523
     ],
     [
      79.009068,
      21.322264
     ],
     [
      79.009712,
      21.321699
     ],
     [
      79.011457,
      21.320675
     ],
     [
      79.013466,
      21.32101
     ],
     [
      79.014452,
      21.321593
     ],
     [
      79.015116,
      21.322035
     ],
     [
      79.016007,
      21.322317
     ],
     [
      79.01705,
      21.322247
     ],
     [
      79.017846,
      21.322388
     ],
     [
      79.018491,
      21.322777
     ],
     [
      79.019539,
      21.322969
     ],
     [
      79.020538,
      21.322671
     ],
     [
      79.021069,
      21.321717
     ],
     [
      79.021771,
      21.320887
     ],
     [
      79.022567,
      21.320639
     ],
     [
      79.023314,
      21.320218
     ],
     [
      79.024941,
      21.320567
     ],
     [
      79.025904,
      21.32124
     ],
     [
      79.027155,
      21.321116
     ],
     [
      79.029392,
      21.320604
     ],
     [
      79.031194,
      21.32018
     ],
     [
      79.032085,
      21.319827
     ],
     [
      79.033317,
      21.31935
     ],
     [
      79.033658,
      21.319015
     ],
     [
      79.033962,
      21.318538
     ],
     [
      79.034511,
      21.317761
     ],
     [
      79.035497,
      21.317107
     ],
     [
      79.036635,
      21.316807
     ],
     [
      79.037791,
      21.316242
     ],
     [
      79.038645,
      21.315694
     ],
     [
      79.0391,
      21.315023
     ],
     [
      79.03982,
      21.313857
     ],
     [
      79.041565,
      21.313363
     ],
     [
      79.042911,
      21.31331
     ],
     [
      79.043821,
      21.313168
     ],
     [
      79.044788,
      21.313168
     ],
     [
      79.046229,
      21.313786
     ],
     [
      79.047347,
      21.314316
     ],
     [
      79.0482,
      21.315111
     ],
     [
      79.048674,
      21.315217
     ],
     [
      79.049641,
      21.314899
     ],
     [
      79.050608,
      21.314405
     ],
     [
      79.051348,
      21.313486
     ],
     [
      79.051841,
      21.312444
     ],
     [
      79.052106,
      21.311473
     ],
     [
      79.052472,
      21.311146
     ],
     [
      79.053187,
      21.311084
     ],
     [
      79.055329,
      21.310695
     ],
     [
      79.056846,
      21.310325
     ],
     [
      79.05933,
      21.309053
     ],
     [
      79.059747,
      21.30824
     ],
     [
      79.05969,
      21.307057
     ],
     [
      79.059857,
      21.306186
     ],
     [
      79.060367,
      21.305729
     ],
     [
      79.061248,
      21.305711
     ],
     [
      79.061914,
      21.305766
     ],
     [
      79.063285,
      21.306204
     ],
     [
      79.064029,
      21.306386
     ],
     [
      79.065028,
      21.306368
     ],
     [
      79.065596,
      21.305985
     ],
     [
      79.066066,
      21.305529
     ],
     [
      79.066242,
      21.304872
     ],
     [
      79.066301,
      21.30427
     ],
     [
      79.066164,
      21.303759
     ],
     [
      79.06587,
      21.303248
     ],
     [
      79.065557,
      21.30281
     ],
     [
      79.065322,
      21.302354
     ],
     [
      79.065185,
      21.301843
     ],
     [
      79.065185,
      21.301441
     ],
     [
      79.065341,
      21.301113
     ],
     [
      79.065694,
      21.300766
     ],
     [
      79.066066,
      21.300493
     ],
     [
      79.066751,
      21.299817
     ],
     [
      79.067554,
      21.299087
     ],
     [
      79.068103,
      21.298412
     ],
     [
      79.06871,
      21.297737
     ],
     [
      79.069474,
      21.296843
     ],
     [
      79.070277,
      21.295438
     ],
     [
      79.070551,
      21.294708
     ],
     [
      79.070727,
      21.293923
     ],
     [
      79.070766,
      21.293248
     ],
     [
      79.070747,
      21.292628
     ],
     [
      79.070688,
      21.292098
     ],
     [
      79.070766,
      21.29166
     ],
     [
      79.071041,
      21.291259
     ],
     [
      79.071354,
      21.291022
     ],
     [
      79.071979,
      21.290834
     ],
     [
      79.073254,
      21.290551
     ],
     [
      79.073988,
      21.290189
     ],
     [
      79.07468,
      21.289621
     ],
     [
      79.075165,
      21.288731
     ],
     [
      79.075331,
      21.288099
     ],
     [
      79.075414,
      21.287299
     ],
     [
      79.075497,
      21.286124
     ],
     [
      79.075525,
      21.285389
     ],
     [
      79.075068,
      21.283079
     ],
     [
      79.075428,
      21.282008
     ],
     [
      79.075843,
      21.281298
     ],
     [
      79.07655,
      21.280731
     ],
     [
      79.077104,
      21.280421
     ],
     [
      79.078101,
      21.280189
     ],
     [
      79.078959,
      21.28024
     ],
     [
      79.079804,
      21.280214
     ],
     [
      79.08058,
      21.28015
     ],
     [
      79.08112,
      21.279995
     ],
     [
      79.08148,
      21.279698
     ],
     [
      79.081812,
      21.279259
     ],
     [
      79.082103,
      21.278369
     ],
     [
      79.082034,
      21.277427
     ],
     [
      79.082145,
      21.276949
     ],
     [
      79.083045,
      21.275349
     ],
     [
      79.083948,
      21.27373
     ],
     [
      79.084347,
      21.272833
     ],
     [
      79.084721,
      21.271632
     ],
     [
      79.084804,
      21.270897
     ],
     [
      79.085455,
      21.270768
     ],
     [
      79.086119,
      21.271103
     ],
     [
      79.086812,
      21.271426
     ],
     [
      79.087366,
      21.27171
     ],
     [
      79.088127,
      21.271878
     ],
     [
      79.088571,
      21.271916
     ],
     [
      79.089429,
      21.271955
     ],
     [
      79.090883,
      21.272084
     ],
     [
      79.091673,
      21.272407
     ],
     [
      79.092199,
      21.272845
     ],
     [
      79.092864,
      21.273297
     ],
     [
      79.093944,
      21.273323
     ],
     [
      79.094899,
      21.273142
     ],
     [
      79.095744,
      21.272781
     ],
     [
      79.096284,
      21.272433
     ],
     [
      79.097157,
      21.271787
     ],
     [
      79.097392,
      21.271452
     ],
     [
      79.097849,
      21.270497
     ],
     [
      79.098306,
      21.270161
     ],
     [
      79.099207,
      21.270006
     ],
     [
      79.100411,
      21.269903
     ],
     [
      79.102226,
      21.2698
     ],
     [
      79.103389,
      21.269722
     ],
     [
      79.104164,
      21.269619
     ],
     [
      79.106436,
      21.269167
     ],
     [
      79.107765,
      21.268703
     ],
     [
      79.109247,
      21.267787
     ],
     [
      79.109811,
      21.267012
     ],
     [
      79.11006,
      21.266567
     ],
     [
      79.110663,
      21.265993
     ],
     [
      79.11139,
      21.265096
     ],
     [
      79.111521,
      21.264644
     ],
     [
      79.111493,
      21.26425
     ],
     [
      79.111383,
      21.263799
     ],
     [
      79.111175,
      21.263386
     ],
     [
      79.110919,
      21.262831
     ],
     [
      79.110739,
      21.262482
     ],
     [
      79.110545,
      21.261695
     ],
     [
      79.110732,
      21.261004
     ],
     [
      79.111216,
      21.260533
     ],
     [
      79.112118,
      21.260128
     ],
     [
      79.112982,
      21.259488
     ],
     [
      79.113605,
      21.259055
     ],
     [
      79.114395,
      21.258604
     ],
     [
      79.115025,
      21.258488
     ],
     [
      79.115551,
      21.258501
     ],
     [
      79.115946,
      21.258494
     ],
     [
      79.117109,
      21.257881
     ],
     [
      79.117753,
      21.257591
     ],
     [
      79.118231,
      21.257378
     ],
     [
      79.119062,
      21.256868
     ],
     [
      79.119671,
      21.256694
     ],
     [
      79.121236,
      21.256532
     ],
     [
      79.12287,
      21.256371
     ],
     [
      79.124366,
      21.256055
     ],
     [
      79.125682,
      21.255732
     ],
     [
      79.126748,
      21.255526
     ],
     [
      79.127662,
      21.255216
     ],
     [
      79.127911,
      21.254984
     ],
     [
      79.128161,
      21.254654
     ],
     [
      79.128278,
      21.253835
     ],
     [
      79.128638,
      21.253486
     ],
     [
      79.129012,
      21.253299
     ],
     [
      79.129366,
      21.253299
     ],
     [
      79.129788,
      21.253331
     ],
     [
      79.130072,
      21.253448
     ],
     [
      79.130889,
      21.25368
     ],
     [
      79.131401,
      21.253525
     ],
     [
      79.13181,
      21.253202
     ],
     [
      79.132087,
      21.252815
     ],
     [
      79.132419,
      21.252376
     ],
     [
      79.132419,
      21.251976
     ],
     [
      79.132267,
      21.250537
     ],
     [
      79.132218,
      21.249937
     ],
     [
      79.132433,
      21.249485
     ],
     [
      79.133403,
      21.249066
     ],
     [
      79.133929,
      21.249008
     ],
     [
      79.135175,
      21.248898
     ],
     [
      79.136179,
      21.248866
     ],
     [
      79.136616,
      21.249008
     ],
     [
      79.13728,
      21.249001
     ],
     [
      79.138437,
      21.248988
     ],
     [
      79.139039,
      21.248956
     ],
     [
      79.139233,
      21.248491
     ],
     [
      79.140043,
      21.248252
     ],
     [
      79.140438,
      21.248394
     ],
     [
      79.14077,
      21.248788
     ],
     [
      79.141746,
      21.249621
     ],
     [
      79.142785,
      21.250666
     ],
     [
      79.143221,
      21.251021
     ],
     [
      79.143803,
      21.251279
     ],
     [
      79.144385,
      21.251473
     ],
     [
      79.145326,
      21.251789
     ],
     [
      79.147231,
      21.252518
     ],
     [
      79.147992,
      21.252873
     ],
     [
      79.149426,
      21.253531
     ],
     [
      79.150603,
      21.253848
     ],
     [
      79.151448,
      21.253919
     ],
     [
      79.152403,
      21.253874
     ],
     [
      79.153421,
      21.253622
     ],
     [
      79.15392,
      21.253583
     ],
     [
      79.154425,
      21.253241
     ],
     [
      79.155152,
      21.251828
     ],
     [
      79.156669,
      21.250421
     ],
     [
      79.15716,
      21.249801
     ],
     [
      79.157569,
      21.249124
     ],
     [
      79.158477,
      21.248851
     ]
    ]
   }
  },
  {
   "type": "Feature",
   "properties": {
    "osm_id": 262646852,
    "waterway": "stream",
    "name": "",
    "name_en": "",
    "tunnel": "",
    "intermittent": ""
   },
   "geometry": {
    "type": "LineString",
    "coordinates": [
     [
      79.043487,
      21.113176
     ],
     [
      79.043562,
      21.113111
     ],
     [
      79.044217,
      21.112775
     ],
     [
      79.044415,
      21.11241
     ],
     [
      79.044866,
      21.11197
     ],
     [
      79.045242,
      21.11187
     ],
     [
      79.045441,
      21.11183
     ]
    ]
   }
  },
  {
   "type": "Feature",
   "properties": {
    "osm_id": 262655214,
    "waterway": "stream",
    "name": "",
    "name_en": "",
    "tunnel": "",
    "intermittent": ""
   },
   "geometry": {
    "type": "LineString",
    "coordinates": [
     [
      79.048372,
      21.105734
     ],
     [
      79.04866,
      21.105738
     ],
     [
      79.048771,
      21.105739
     ],
     [
      79.048987,
      21.105829
     ]
    ]
   }
  },
  {
   "type": "Feature",
   "properties": {
    "osm_id": 304643761,
    "waterway": "stream",
    "name": "",
    "name_en": "",
    "tunnel": "",
    "intermittent": ""
   },
   "geometry": {
    "type": "LineString",
    "coordinates": [
     [
      79.079735,
      21.107645
     ],
     [
      79.079954,
      21.107295
     ],
     [
      79.080684,
      21.106935
     ],
     [
      79.081242,
      21.106635
     ],
     [
      79.081738,
      21.106194
     ],
     [
      79.081922,
      21.105973
     ],
     [
      79.082078,
      21.105786
     ],
     [
      79.082246,
      21.105024
     ],
     [
      79.082235,
      21.10491
     ],
     [
      79.081974,
      21.104733
     ],
     [
      79.081306,
      21.104132
     ],
     [
      79.08122,
      21.103912
     ],
     [
      79.081339,
      21.103233
     ],
     [
      79.081357,
      21.10277
     ],
     [
      79.081351,
      21.102714
     ],
     [
      79.081351,
      21.102565
     ],
     [
      79.08132,
      21.102395
     ],
     [
      79.081106,
      21.10153
     ],
     [
      79.081152,
      21.101464
     ],
     [
      79.082314,
      21.100088
     ],
     [
      79.082315,
      21.100007
     ],
     [
      79.082357,
      21.099768
     ],
     [
      79.082443,
      21.099228
     ],
     [
      79.082486,
      21.098587
     ],
     [
      79.082658,
      21.098407
     ],
     [
      79.082765,
      21.098187
     ],
     [
      79.082722,
      21.097946
     ],
     [
      79.083516,
      21.097658
     ],
     [
      79.084288,
      21.097458
     ],
     [
      79.084503,
      21.096926
     ],
     [
      79.08446,
      21.096617
     ],
     [
      79.084267,
      21.095985
     ],
     [
      79.084761,
      21.095324
     ],
     [
      79.085147,
      21.095044
     ],
     [
      79.085469,
      21.095124
     ],
     [
      79.086005,
      21.095084
     ],
     [
      79.086434,
      21.094723
     ],
     [
      79.086692,
      21.094683
     ],
     [
      79.0874,
      21.094884
     ],
     [
      79.087743,
      21.094663
     ],
     [
      79.088451,
      21.094503
     ],
     [
      79.089095,
      21.094123
     ],
     [
      79.089438,
      21.093722
     ],
     [
      79.090103,
      21.092001
     ],
     [
      79.090897,
      21.09178
     ],
     [
      79.091348,
      21.09188
     ],
     [
      79.092249,
      21.09134
     ],
     [
      79.092507,
      21.09104
     ],
     [
      79.092678,
      21.0911
     ],
     [
      79.092957,
      21.091012
     ],
     [
      79.093043,
      21.090819
     ],
     [
      79.093537,
      21.090779
     ],
     [
      79.093644,
      21.090559
     ],
     [
      79.093746,
      21.090253
     ],
     [
      79.093942,
      21.089624
     ],
     [
      79.094164,
      21.089347
     ],
     [
      79.094404,
      21.089137
     ],
     [
      79.094716,
      21.088936
     ],
     [
      79.094812,
      21.088931
     ],
     [
      79.095065,
      21.089061
     ],
     [
      79.095183,
      21.089116
     ],
     [
      79.09529,
      21.089125
     ],
     [
      79.096252,
      21.088862
     ],
     [
      79.096347,
      21.088844
     ]
    ]
   }
  },
  {
   "type": "Feature",
   "properties": {
    "osm_id": 304643762,
    "waterway": "stream",
    "name": "",
    "name_en": "",
    "tunnel": "culvert",
    "intermittent": ""
   },
   "geometry": {
    "type": "LineString",
    "coordinates": [
     [
      79.079565,
      21.108065
     ],
     [
      79.079735,
      21.107645
     ]
    ]
   }
  },
  {
   "type": "Feature",
   "properties": {
    "osm_id": 304643763,
    "waterway": "stream",
    "name": "",
    "name_en": "",
    "tunnel": "culvert",
    "intermittent": ""
   },
   "geometry": {
    "type": "LineString",
    "coordinates": [
     [
      79.074459,
      21.111222
     ],
     [
      79.074617,
      21.111152
     ]
    ]
   }
  },
  {
   "type": "Feature",
   "properties": {
    "osm_id": 304643764,
    "waterway": "stream",
    "name": "",
    "name_en": "",
    "tunnel": "culvert",
    "intermittent": ""
   },
   "geometry": {
    "type": "LineString",
    "coordinates": [
     [
      79.098586,
      21.10535
     ],
     [
      79.098793,
      21.10502
     ]
    ]
   }
  },
  {
   "type": "Feature",
   "properties": {
    "osm_id": 304643765,
    "waterway": "stream",
    "name": "",
    "name_en": "",
    "tunnel": "culvert",
    "intermittent": ""
   },
   "geometry": {
    "type": "LineString",
    "coordinates": [
     [
      79.127316,
      21.110502
     ],
     [
      79.127419,
      21.11019
     ]
    ]
   }
  },
  {
   "type": "Feature",
   "properties": {
    "osm_id": 304643767,
    "waterway": "stream",
    "name": "",
    "name_en": "",
    "tunnel": "",
    "intermittent": ""
   },
   "geometry": {
    "type": "LineString",
    "coordinates": [
     [
      79.127419,
      21.11019
     ],
     [
      79.127694,
      21.109876
     ],
     [
      79.128204,
      21.10903
     ]
    ]
   }
  },
  {
   "type": "Feature",
   "properties": {
    "osm_id": 304643769,
    "waterway": "stream",
    "name": "",
    "name_en": "",
    "tunnel": "",
    "intermittent": ""
   },
   "geometry": {
    "type": "LineString",
    "coordinates": [
     [
      79.098793,
      21.10502
     ],
     [
      79.099328,
      21.104957
     ],
     [
      79.099476,
      21.104886
     ],
     [
      79.100627,
      21.104776
     ],
     [
      79.101171,
      21.104823
     ],
     [
      79.10131,
      21.10491
     ],
     [
      79.101414,
      21.104962
     ],
     [
      79.101795,
      21.1048
     ],
     [
      79.102141,
      21.104603
     ],
     [
      79.102934,
      21.104182
     ],
     [
      79.1033,
      21.103946
     ],
     [
      79.103468,
      21.103739
     ],
     [
      79.103738,
      21.103158
     ],
     [
      79.104173,
      21.103001
     ],
     [
      79.104368,
      21.102738
     ],
     [
      79.104389,
      21.102217
     ],
     [
      79.104262,
      21.101759
     ],
     [
      79.104289,
      21.101132
     ],
     [
      79.104015,
      21.100606
     ],
     [
      79.103632,
      21.099676
     ],
     [
      79.10354,
      21.099266
     ],
     [
      79.103562,
      21.09894
     ],
     [
      79.103395,
      21.098551
     ],
     [
      79.103628,
      21.098205
     ],
     [
      79.103679,
      21.097901
     ],
     [
      79.104347,
      21.097673
     ],
     [
      79.104695,
      21.097461
     ],
     [
      79.104826,
      21.09706
     ],
     [
      79.105745,
      21.095558
     ],
     [
      79.105804,
      21.09528
     ],
     [
      79.105518,
      21.095035
     ],
     [
      79.10522,
      21.094857
     ],
     [
      79.105089,
      21.094568
     ],
     [
      79.10491,
      21.094334
     ],
     [
      79.104731,
      21.094145
     ],
     [
      79.105005,
      21.093633
     ],
     [
      79.105172,
      21.093611
     ],
     [
      79.105828,
      21.093844
     ],
     [
      79.106114,
      21.093811
     ],
     [
      79.106234,
      21.093644
     ],
     [
      79.106031,
      21.093411
     ],
     [
      79.106695,
      21.091686
     ],
     [
      79.107195,
      21.091486
     ],
     [
      79.107553,
      21.091307
     ],
     [
      79.107839,
      21.090128
     ],
     [
      79.108412,
      21.089394
     ],
     [
      79.108364,
      21.088904
     ],
     [
      79.108395,
      21.08888
     ],
     [
      79.108626,
      21.088704
     ],
     [
      79.109676,
      21.088904
     ],
     [
      79.109838,
      21.088864
     ],
     [
      79.109931,
      21.088779
     ],
     [
      79.110236,
      21.088297
     ],
     [
      79.110921,
      21.087874
     ],
     [
      79.111751,
      21.087547
     ],
     [
      79.112347,
      21.086745
     ],
     [
      79.112634,
      21.086345
     ],
     [
      79.113122,
      21.086012
     ]
    ]
   }
  },
  {
   "type": "Feature",
   "properties": {
    "osm_id": 304643770,
    "waterway": "stream",
    "name": "",
    "name_en": "",
    "tunnel": "",
    "intermittent": ""
   },
   "geometry": {
    "type": "LineString",
    "coordinates": [
     [
      79.074617,
      21.111152
     ],
     [
      79.074804,
      21.111045
     ],
     [
      79.07562,
      21.110086
     ],
     [
      79.075993,
      21.1099
     ]
    ]
   }
  },
  {
   "type": "Feature",
   "properties": {
    "osm_id": 305113291,
    "waterway": "stream",
    "name": "",
    "name_en": "",
    "tunnel": "culvert",
    "intermittent": ""
   },
   "geometry": {
    "type": "LineString",
    "coordinates": [
     [
      78.996155,
      21.110328
     ],
     [
      78.996225,
      21.110374
     ]
    ]
   }
  },
  {
   "type": "Feature",
   "properties": {
    "osm_id": 305113292,
    "waterway": "stream",
    "name": "",
    "name_en": "",
    "tunnel": "",
    "intermittent": ""
   },
   "geometry": {
    "type": "LineString",
    "coordinates": [
     [
      78.996225,
      21.110374
     ],
     [
      78.996291,
      21.110417
     ],
     [
      78.996357,
      21.110526
     ],
     [
      78.996493,
      21.110705
     ],
     [
      78.996555,
      21.110792
     ],
     [
      78.996627,
      21.110851
     ],
     [
      78.996833,
      21.110902
     ],
     [
      78.997015,
      21.110955
     ],
     [
      78.997192,
      21.111015
     ],
     [
      78.997276,
      21.111087
     ],
     [
      78.997551,
      21.111224
     ],
     [
      78.997745,
      21.111311
     ],
     [
      78.998007,
      21.111379
     ],
     [
      78.998215,
      21.111384
     ],
     [
      78.998431,
      21.111389
     ],
     [
      78.998695,
      21.111471
     ],
     [
      78.998791,
      21.11159
     ],
     [
      78.998943,
      21.111622
     ],
     [
      78.999138,
      21.11163
     ],
     [
      78.999341,
      21.111712
     ],
     [
      78.999525,
      21.111774
     ],
     [
      78.999669,
      21.111832
     ],
     [
      79.000416,
      21.112217
     ],
     [
      79.000949,
      21.112561
     ],
     [
      79.00127,
      21.11278
     ],
     [
      79.001536,
      21.112782
     ],
     [
      79.001824,
      21.112757
     ],
     [
      79.002032,
      21.112902
     ],
     [
      79.002081,
      21.113083
     ],
     [
      79.002273,
      21.113272
     ],
     [
      79.002537,
      21.113325
     ],
     [
      79.00283,
      21.11334
     ],
     [
      79.002902,
      21.113412
     ],
     [
      79.00299,
      21.113785
     ],
     [
      79.003068,
      21.113905
     ]
    ]
   }
  },
  {
   "type": "Feature",
   "properties": {
    "osm_id": 308766220,
    "waterway": "canal",
    "name": "",
    "name_en": "",
    "tunnel": "",
    "intermittent": ""
   },
   "geometry": {
    "type": "LineString",
    "coordinates": [
     [
      79.114365,
      21.24866
     ],
     [
      79.114837,
      21.247921
     ],
     [
      79.116095,
      21.245898
     ],
     [
      79.116508,
      21.245324
     ],
     [
      79.116766,
      21.245102
     ],
     [
      79.117279,
      21.244869
     ],
     [
      79.11865,
      21.244428
     ],
     [
      79.119814,
      21.244203
     ],
     [
      79.122035,
      21.243769
     ],
     [
      79.124677,
      21.243214
     ]
    ]
   }
  },
  {
   "type": "Feature",
   "properties": {
    "osm_id": 308766222,
    "waterway": "canal",
    "name": "",
    "name_en": "",
    "tunnel": "",
    "intermittent": ""
   },
   "geometry": {
    "type": "LineString",
    "coordinates": [
     [
      79.125026,
      21.24314
     ],
     [
      79.125471,
      21.242962
     ],
     [
      79.125869,
      21.24274
     ],
     [
      79.126461,
      21.242647
     ],
     [
      79.126866,
      21.242703
     ],
     [
      79.128471,
      21.243099
     ],
     [
      79.128849,
      21.243099
     ],
     [
      79.12919,
      21.243021
     ],
     [
      79.129552,
      21.242847
     ],
     [
      79.12985,
      21.242643
     ],
     [
      79.130152,
      21.242358
     ],
     [
      79.131693,
      21.24077
     ],
     [
      79.13194,
      21.240592
     ],
     [
      79.132361,
      21.240355
     ],
     [
      79.133028,
      21.239925
     ],
     [
      79.133417,
      21.239448
     ],
     [
      79.134133,
      21.238122
     ],
     [
      79.134546,
      21.236952
     ],
     [
      79.134661,
      21.236255
     ],
     [
      79.134633,
      21.235585
     ],
     [
      79.134594,
      21.235463
     ],
     [
      79.134192,
      21.234841
     ],
     [
      79.133708,
      21.234367
     ],
     [
      79.132976,
      21.233771
     ],
     [
      79.132647,
      21.233311
     ],
     [
      79.132158,
      21.232089
     ],
     [
      79.131769,
      21.231063
     ],
     [
      79.131717,
      21.23053
     ],
     [
      79.131769,
      21.230027
     ],
     [
      79.131944,
      21.229745
     ],
     [
      79.132623,
      21.229145
     ],
     [
      79.133183,
      21.228782
     ],
     [
      79.13393,
      21.228341
     ],
     [
      79.13453,
      21.227375
     ],
     [
      79.135333,
      21.226027
     ],
     [
      79.135658,
      21.225512
     ],
     [
      79.135766,
      21.225097
     ],
     [
      79.135732,
      21.223717
     ],
     [
      79.135414,
      21.222813
     ],
     [
      79.134651,
      21.222132
     ],
     [
      79.132807,
      21.221162
     ],
     [
      79.131828,
      21.22122
     ],
     [
      79.12857,
      21.222508
     ],
     [
      79.125535,
      21.223545
     ],
     [
      79.124804,
      21.223608
     ],
     [
      79.124175,
      21.223461
     ],
     [
      79.123411,
      21.223126
     ],
     [
      79.122916,
      21.222403
     ],
     [
      79.12268,
      21.220979
     ],
     [
      79.122781,
      21.220036
     ],
     [
      79.12313,
      21.219407
     ],
     [
      79.123714,
      21.218925
     ],
     [
      79.124512,
      21.218632
     ],
     [
      79.126861,
      21.217951
     ],
     [
      79.127591,
      21.217532
     ],
     [
      79.128029,
      21.216715
     ],
     [
      79.128467,
      21.215542
     ],
     [
      79.128827,
      21.21506
     ],
     [
      79.129692,
      21.215091
     ],
     [
      79.13149,
      21.21485
     ],
     [
      79.132198,
      21.214264
     ],
     [
      79.132715,
      21.21353
     ],
     [
      79.133435,
      21.212472
     ],
     [
      79.134187,
      21.212106
     ],
     [
      79.134716,
      21.212053
     ],
     [
      79.135473,
      21.212135
     ],
     [
      79.136911,
      21.212659
     ],
     [
      79.137529,
      21.212627
     ],
     [
      79.138451,
      21.212502
     ],
     [
      79.141204,
      21.212764
     ],
     [
      79.142159,
      21.213026
     ],
     [
      79.143305,
      21.213151
     ],
     [
      79.143845,
      21.213078
     ],
     [
      79.144238,
      21.212806
     ],
     [
      79.144553,
      21.21246
     ],
     [
      79.144822,
      21.211884
     ],
     [
      79.145429,
      21.21049
     ],
     [
      79.14571,
      21.210155
     ],
     [
      79.14607,
      21.209945
     ],
     [
      79.147081,
      21.209778
     ],
     [
      79.148722,
      21.209516
     ],
     [
      79.15025,
      21.208626
     ],
     [
      79.15125,
      21.207798
     ],
     [
      79.151565,
      21.20723
     ]
    ]
   }
  },
  {
   "type": "Feature",
   "properties": {
    "osm_id": 308766229,
    "waterway": "stream",
    "name": "",
    "name_en": "",
    "tunnel": "",
    "intermittent": ""
   },
   "geometry": {
    "type": "LineString",
    "coordinates": [
     [
      79.063118,
      21.14995
     ],
     [
      79.06358,
      21.14932
     ],
     [
      79.063707,
      21.148624
     ],
     [
      79.063917,
      21.147894
     ],
     [
      79.064096,
      21.147632
     ],
     [
      79.06431,
      21.147532
     ],
     [
      79.064336,
      21.147389
     ],
     [
      79.064356,
      21.147041
     ],
     [
      79.064494,
      21.146717
     ],
     [
      79.065016,
      21.146627
     ],
     [
      79.065389,
      21.146615
     ]
    ]
   }
  },
  {
   "type": "Feature",
   "properties": {
    "osm_id": 308766231,
    "waterway": "river",
    "name": "",
    "name_en": "",
    "tunnel": "",
    "intermittent": ""
   },
   "geometry": {
    "type": "LineString",
    "coordinates": [
     [
      79.092847,
      21.249437
     ],
     [
      79.092829,
      21.249504
     ]
    ]
   }
  },
  {
   "type": "Feature",
   "properties": {
    "osm_id": 308766233,
    "waterway": "canal",
    "name": "",
    "name_en": "",
    "tunnel": "culvert",
    "intermittent": ""
   },
   "geometry": {
    "type": "LineString",
    "coordinates": [
     [
      79.114247,
      21.248864
     ],
     [
      79.114365,
      21.24866
     ]
    ]
   }
  },
  {
   "type": "Feature",
   "properties": {
    "osm_id": 308766234,
    "waterway": "stream",
    "name": "",
    "name_en": "",
    "tunnel": "culvert",
    "intermittent": ""
   },
   "geometry": {
    "type": "LineString",
    "coordinates": [
     [
      79.065927,
      21.146486
     ],
     [
      79.066076,
      21.146245
     ]
    ]
   }
  },
  {
   "type": "Feature",
   "properties": {
    "osm_id": 308766237,
    "waterway": "stream",
    "name": "",
    "name_en": "",
    "tunnel": "culvert",
    "intermittent": ""
   },
   "geometry": {
    "type": "LineString",
    "coordinates": [
     [
      79.073666,
      21.143095
     ],
     [
      79.073752,
      21.143082
     ]
    ]
   }
  },
  {
   "type": "Feature",
   "properties": {
    "osm_id": 308766238,
    "waterway": "canal",
    "name": "",
    "name_en": "",
    "tunnel": "culvert",
    "intermittent": ""
   },
   "geometry": {
    "type": "LineString",
    "coordinates": [
     [
      79.084873,
      21.249713
     ],
     [
      79.0852,
      21.249665
     ]
    ]
   }
  },
  {
   "type": "Feature",
   "properties": {
    "osm_id": 308766239,
    "waterway": "canal",
    "name": "",
    "name_en": "",
    "tunnel": "culvert",
    "intermittent": ""
   },
   "geometry": {
    "type": "LineString",
    "coordinates": [
     [
      79.110856,
      21.249856
     ],
     [
      79.110999,
      21.249864
     ]
    ]
   }
  },
  {
   "type": "Feature",
   "properties": {
    "osm_id": 308766241,
    "waterway": "stream",
    "name": "",
    "name_en": "",
    "tunnel": "culvert",
    "intermittent": ""
   },
   "geometry": {
    "type": "LineString",
    "coordinates": [
     [
      79.080296,
      21.142154
     ],
     [
      79.080697,
      21.141973
     ]
    ]
   }
  },
  {
   "type": "Feature",
   "properties": {
    "osm_id": 308766242,
    "waterway": "river",
    "name": "",
    "name_en": "",
    "tunnel": "culvert",
    "intermittent": ""
   },
   "geometry": {
    "type": "LineString",
    "coordinates": [
     [
      79.092829,
      21.249504
     ],
     [
      79.092744,
      21.24985
     ]
    ]
   }
  },
  {
   "type": "Feature",
   "properties": {
    "osm_id": 308766243,
    "waterway": "river",
    "name": "",
    "name_en": "",
    "tunnel": "culvert",
    "intermittent": ""
   },
   "geometry": {
    "type": "LineString",
    "coordinates": [
     [
      79.09288,
      21.249224
     ],
     [
      79.092847,
      21.249437
     ]
    ]
   }
  },
  {
   "type": "Feature",
   "properties": {
    "osm_id": 308766244,
    "waterway": "stream",
    "name": "",
    "name_en": "",
    "tunnel": "culvert",
    "intermittent": ""
   },
   "geometry": {
    "type": "LineString",
    "coordinates": [
     [
      79.065389,
      21.146615
     ],
     [
      79.065496,
      21.146622
     ]
    ]
   }
  },
  {
   "type": "Feature",
   "properties": {
    "osm_id": 308766245,
    "waterway": "stream",
    "name": "",
    "name_en": "",
    "tunnel": "culvert",
    "intermittent": ""
   },
   "geometry": {
    "type": "LineString",
    "coordinates": [
     [
      79.059497,
      21.157853
     ],
     [
      79.059526,
      21.157669
     ]
    ]
   }
  },
  {
   "type": "Feature",
   "properties": {
    "osm_id": 308766246,
    "waterway": "canal",
    "name": "",
    "name_en": "",
    "tunnel": "culvert",
    "intermittent": ""
   },
   "geometry": {
    "type": "LineString",
    "coordinates": [
     [
      79.124677,
      21.243214
     ],
     [
      79.125026,
      21.24314
     ]
    ]
   }
  },
  {
   "type": "Feature",
   "properties": {
    "osm_id": 308766248,
    "waterway": "stream",
    "name": "",
    "name_en": "",
    "tunnel": "",
    "intermittent": ""
   },
   "geometry": {
    "type": "LineString",
    "coordinates": [
     [
      79.059526,
      21.157669
     ],
     [
      79.059546,
      21.157543
     ],
     [
      79.05966,
      21.157327
     ],
     [
      79.060428,
      21.156552
     ],
     [
      79.060593,
      21.156276
     ],
     [
      79.060656,
      21.156009
     ],
     [
      79.060567,
      21.155761
     ],
     [
      79.06077,
      21.154934
     ],
     [
      79.060888,
      21.154549
     ],
     [
      79.060913,
      21.154056
     ],
     [
      79.060774,
      21.15382
     ],
     [
      79.060643,
      21.153451
     ],
     [
      79.060647,
      21.153305
     ],
     [
      79.06077,
      21.152844
     ],
     [
      79.060833,
      21.152687
     ],
     [
      79.060939,
      21.152561
     ],
     [
      79.06131,
      21.152352
     ],
     [
      79.061715,
      21.151947
     ],
     [
      79.061865,
      21.151916
     ],
     [
      79.062674,
      21.15135
     ],
     [
      79.062737,
      21.150765
     ]
    ]
   }
  },
  {
   "type": "Feature",
   "properties": {
    "osm_id": 308766249,
    "waterway": "stream",
    "name": "",
    "name_en": "",
    "tunnel": "",
    "intermittent": ""
   },
   "geometry": {
    "type": "LineString",
    "coordinates": [
     [
      79.073752,
      21.143082
     ],
     [
      79.073775,
      21.143079
     ],
     [
      79.07386,
      21.143071
     ],
     [
      79.074351,
      21.142914
     ],
     [
      79.075101,
      21.142697
     ],
     [
      79.075372,
      21.142408
     ],
     [
      79.075695,
      21.142251
     ],
     [
      79.076406,
      21.142178
     ],
     [
      79.077117,
      21.142275
     ],
     [
      79.07737,
      21.142405
     ],
     [
      79.077776,
      21.142757
     ],
     [
      79.077913,
      21.142832
     ]
    ]
   }
  },
  {
   "type": "Feature",
   "properties": {
    "osm_id": 308766250,
    "waterway": "stream",
    "name": "",
    "name_en": "",
    "tunnel": "",
    "intermittent": ""
   },
   "geometry": {
    "type": "LineString",
    "coordinates": [
     [
      79.065496,
      21.146622
     ],
     [
      79.065889,
      21.146546
     ],
     [
      79.065927,
      21.146486
     ]
    ]
   }
  },
  {
   "type": "Feature",
   "properties": {
    "osm_id": 308766251,
    "waterway": "stream",
    "name": "",
    "name_en": "",
    "tunnel": "culvert",
    "intermittent": ""
   },
   "geometry": {
    "type": "LineString",
    "coordinates": [
     [
      79.062737,
      21.150765
     ],
     [
      79.062865,
      21.150309
     ],
     [
      79.063118,
      21.14995
     ]
    ]
   }
  },
  {
   "type": "Feature",
   "properties": {
    "osm_id": 308766252,
    "waterway": "canal",
    "name": "",
    "name_en": "",
    "tunnel": "",
    "intermittent": ""
   },
   "geometry": {
    "type": "LineString",
    "coordinates": [
     [
      79.0852,
      21.249665
     ],
     [
      79.086565,
      21.249446
     ],
     [
      79.087621,
      21.249273
     ],
     [
      79.089084,
      21.249058
     ],
     [
      79.089671,
      21.249002
     ],
     [
      79.090422,
      21.249043
     ],
     [
      79.091211,
      21.249215
     ],
     [
      79.093197,
      21.249702
     ],
     [
      79.094003,
      21.2499
     ],
     [
      79.094258,
      21.250087
     ],
     [
      79.09452,
      21.250498
     ],
     [
      79.09545,
      21.251979
     ],
     [
      79.09643,
      21.253425
     ],
     [
      79.096827,
      21.253592
     ],
     [
      79.097088,
      21.253617
     ],
     [
      79.097398,
      21.253551
     ],
     [
      79.098808,
      21.253125
     ],
     [
      79.099493,
      21.252917
     ],
     [
      79.100206,
      21.252806
     ],
     [
      79.100913,
      21.252831
     ],
     [
      79.101549,
      21.252811
     ],
     [
      79.101953,
      21.252865
     ],
     [
      79.102203,
      21.252779
     ],
     [
      79.102857,
      21.252506
     ],
     [
      79.103584,
      21.252194
     ],
     [
      79.104246,
      21.251821
     ],
     [
      79.106495,
      21.250403
     ],
     [
      79.106948,
      21.250284
     ],
     [
      79.109403,
      21.249714
     ],
     [
      79.109682,
      21.249736
     ],
     [
      79.11075,
      21.249862
     ],
     [
      79.110856,
      21.249856
     ]
    ]
   }
  },
  {
   "type": "Feature",
   "properties": {
    "osm_id": 308766255,
    "waterway": "stream",
    "name": "",
    "name_en": "",
    "tunnel": "",
    "intermittent": ""
   },
   "geometry": {
    "type": "LineString",
    "coordinates": [
     [
      79.066076,
      21.146245
     ],
     [
      79.066131,
      21.146156
     ],
     [
      79.066519,
      21.145939
     ],
     [
      79.066739,
      21.145373
     ],
     [
      79.066997,
      21.145047
     ],
     [
      79.067204,
      21.144891
     ]
    ]
   }
  },
  {
   "type": "Feature",
   "properties": {
    "osm_id": 308766258,
    "waterway": "stream",
    "name": "",
    "name_en": "",
    "tunnel": "",
    "intermittent": ""
   },
   "geometry": {
    "type": "LineString",
    "coordinates": [
     [
      79.080697,
      21.141973
     ],
     [
      79.080813,
      21.141805
     ],
     [
      79.08084,
      21.141544
     ]
    ]
   }
  },
  {
   "type": "Feature",
   "properties": {
    "osm_id": 308766259,
    "waterway": "canal",
    "name": "",
    "name_en": "",
    "tunnel": "",
    "intermittent": ""
   },
   "geometry": {
    "type": "LineString",
    "coordinates": [
     [
      79.110999,
      21.249864
     ],
     [
      79.111926,
      21.249917
     ],
     [
      79.112761,
      21.24994
     ],
     [
      79.113322,
      21.249833
     ],
     [
      79.113691,
      21.249597
     ],
     [
      79.114022,
      21.249204
     ],
     [
      79.114247,
      21.248864
     ]
    ]
   }
  },
  {
   "type": "Feature",
   "properties": {
    "osm_id": 308766266,
    "waterway": "river",
    "name": "Naag",
    "name_en": "",
    "tunnel": "culvert",
    "intermittent": ""
   },
   "geometry": {
    "type": "LineString",
    "coordinates": [
     [
      79.079631,
      21.139702
     ],
     [
      79.080084,
      21.139826
     ]
    ]
   }
  },
  {
   "type": "Feature",
   "properties": {
    "osm_id": 308766267,
    "waterway": "river",
    "name": "Naag",
    "name_en": "",
    "tunnel": "",
    "intermittent": ""
   },
   "geometry": {
    "type": "LineString",
    "coordinates": [
     [
      79.080084,
      21.139826
     ],
     [
      79.080234,
      21.13989
     ],
     [
      79.080549,
      21.139972
     ],
     [
      79.081311,
      21.140205
     ],
     [
      79.081861,
      21.140322
     ],
     [
      79.082206,
      21.140252
     ],
     [
      79.082386,
      21.140292
     ],
     [
      79.082729,
      21.14046
     ],
     [
      79.083064,
      21.140508
     ],
     [
      79.083229,
      21.140488
     ]
    ]
   }
  },
  {
   "type": "Feature",
   "properties": {
    "osm_id": 308766268,
    "waterway": "river",
    "name": "Pivli Nadi",
    "name_en": "",
    "tunnel": "culvert",
    "intermittent": ""
   },
   "geometry": {
    "type": "LineString",
    "coordinates": [
     [
      79.044418,
      21.178959
     ],
     [
      79.044512,
      21.179124
     ]
    ]
   }
  },
  {
   "type": "Feature",
   "properties": {
    "osm_id": 308766269,
    "waterway": "river",
    "name": "Pivli Nadi",
    "name_en": "",
    "tunnel": "",
    "intermittent": ""
   },
   "geometry": {
    "type": "LineString",
    "coordinates": [
     [
      79.044512,
      21.179124
     ],
     [
      79.044603,
      21.179284
     ],
     [
      79.044905,
      21.179451
     ],
     [
      79.045164,
      21.179622
     ],
     [
      79.045216,
      21.179804
     ],
     [
      79.045535,
      21.17993
     ],
     [
      79.045745,
      21.179911
     ],
     [
      79.045893,
      21.179834
     ],
     [
      79.046275,
      21.179938
     ],
     [
      79.046423,
      21.180119
     ],
     [
      79.04655,
      21.180264
     ],
     [
      79.04702,
      21.180532
     ],
     [
      79.047211,
      21.18061
     ],
     [
      79.047311,
      21.180717
     ],
     [
      79.047414,
      21.180929
     ],
     [
      79.04747,
      21.180944
     ],
     [
      79.047526,
      21.181103
     ],
     [
      79.047645,
      21.181245
     ],
     [
      79.047948,
      21.181542
     ],
     [
      79.048215,
      21.181583
     ],
     [
      79.048629,
      21.182021
     ],
     [
      79.048852,
      21.182117
     ],
     [
      79.049318,
      21.182158
     ],
     [
      79.049796,
      21.182344
     ],
     [
      79.050457,
      21.183031
     ],
     [
      79.050688,
      21.183213
     ],
     [
      79.051054,
      21.183588
     ],
     [
      79.051225,
      21.183692
     ],
     [
      79.051476,
      21.18413
     ],
     [
      79.051624,
      21.184457
     ],
     [
      79.051811,
      21.18462
     ],
     [
      79.052639,
      21.185229
     ],
     [
      79.05281,
      21.185403
     ],
     [
      79.05338,
      21.185418
     ],
     [
      79.053694,
      21.185637
     ],
     [
      79.05385,
      21.18566
     ],
     [
      79.05412,
      21.185608
     ],
     [
      79.054591,
      21.185816
     ],
     [
      79.055092,
      21.186298
     ],
     [
      79.055184,
      21.186555
     ],
     [
      79.055192,
      21.186796
     ],
     [
      79.055267,
      21.186919
     ],
     [
      79.055618,
      21.187052
     ],
     [
      79.055728,
      21.186984
     ],
     [
      79.055849,
      21.186874
     ],
     [
      79.055928,
      21.186858
     ],
     [
      79.056282,
      21.186924
     ],
     [
      79.056674,
      21.186926
     ],
     [
      79.057038,
      21.187089
     ],
     [
      79.057237,
      21.187105
     ],
     [
      79.057344,
      21.187026
     ],
     [
      79.057474,
      21.187013
     ],
     [
      79.057614,
      21.187068
     ],
     [
      79.057713,
      21.187183
     ],
     [
      79.057783,
      21.187386
     ],
     [
      79.057905,
      21.187467
     ],
     [
      79.058127,
      21.187499
     ],
     [
      79.058634,
      21.187632
     ],
     [
      79.058797,
      21.187821
     ],
     [
      79.058896,
      21.187892
     ],
     [
      79.059017,
      21.187911
     ],
     [
      79.059348,
      21.188222
     ],
     [
      79.059589,
      21.188465
     ],
     [
      79.059585,
      21.188571
     ],
     [
      79.059717,
      21.188768
     ],
     [
      79.059733,
      21.188877
     ],
     [
      79.059695,
      21.189078
     ],
     [
      79.059697,
      21.189172
     ],
     [
      79.059928,
      21.189479
     ],
     [
      79.060105,
      21.189559
     ],
     [
      79.060219,
      21.189564
     ],
     [
      79.060354,
      21.189462
     ],
     [
      79.060447,
      21.189427
     ],
     [
      79.060577,
      21.189425
     ],
     [
      79.060742,
      21.189284
     ],
     [
      79.061134,
      21.189044
     ],
     [
      79.061226,
      21.18902
     ],
     [
      79.061389,
      21.189107
     ],
     [
      79.061566,
      21.189317
     ],
     [
      79.061682,
      21.189514
     ],
     [
      79.061838,
      21.189781
     ],
     [
      79.062109,
      21.190012
     ],
     [
      79.062306,
      21.190222
     ],
     [
      79.062425,
      21.190248
     ],
     [
      79.062514,
      21.190243
     ],
     [
      79.063077,
      21.19028
     ],
     [
      79.063905,
      21.190811
     ],
     [
      79.064559,
      21.190989
     ],
     [
      79.064959,
      21.191294
     ],
     [
      79.065539,
      21.191357
     ],
     [
      79.066276,
      21.191588
     ],
     [
      79.067059,
      21.191519
     ],
     [
      79.067363,
      21.191257
     ],
     [
      79.067656,
      21.190889
     ],
     [
      79.067972,
      21.189933
     ],
     [
      79.068079,
      21.189834
     ],
     [
      79.068321,
      21.189787
     ],
     [
      79.068799,
      21.18945
     ],
     [
      79.068923,
      21.189303
     ],
     [
      79.069064,
      21.189067
     ],
     [
      79.069239,
      21.18892
     ],
     [
      79.069425,
      21.188337
     ],
     [
      79.069374,
      21.188048
     ],
     [
      79.069543,
      21.187639
     ],
     [
      79.069644,
      21.187513
     ],
     [
      79.06961,
      21.187397
     ],
     [
      79.07001,
      21.186972
     ],
     [
      79.070134,
      21.186925
     ],
     [
      79.070804,
      21.186867
     ],
     [
      79.071002,
      21.186883
     ],
     [
      79.071752,
      21.187155
     ],
     [
      79.072292,
      21.187415
     ],
     [
      79.072735,
      21.187767
     ],
     [
      79.072864,
      21.187885
     ],
     [
      79.073125,
      21.188038
     ],
     [
      79.073232,
      21.188222
     ],
     [
      79.073598,
      21.188994
     ],
     [
      79.073902,
      21.189361
     ],
     [
      79.074032,
      21.189755
     ],
     [
      79.074133,
      21.18985
     ],
     [
      79.075709,
      21.190067
     ],
     [
      79.076501,
      21.189913
     ],
     [
      79.07674,
      21.18999
     ],
     [
      79.077202,
      21.189859
     ],
     [
      79.077325,
      21.189851
     ],
     [
      79.078258,
      21.18979
     ],
     [
      79.078522,
      21.189882
     ],
     [
      79.078909,
      21.190028
     ],
     [
      79.079314,
      21.190175
     ],
     [
      79.079973,
      21.190943
     ],
     [
      79.080336,
      21.191105
     ],
     [
      79.081169,
      21.191259
     ],
     [
      79.081813,
      21.191905
     ],
     [
      79.08192,
      21.192143
     ],
     [
      79.082225,
      21.192228
     ],
     [
      79.082258,
      21.192435
     ],
     [
      79.082555,
      21.192597
     ],
     [
      79.082703,
      21.19252
     ],
     [
      79.083091,
      21.192966
     ],
     [
      79.083405,
      21.193058
     ],
     [
      79.083561,
      21.192981
     ],
     [
      79.084361,
      21.193358
     ],
     [
      79.085145,
      21.193427
     ],
     [
      79.085564,
      21.193489
     ],
     [
      79.086654,
      21.192954
     ],
     [
      79.087005,
      21.192158
     ],
     [
      79.087526,
      21.191744
     ],
     [
      79.089089,
      21.191847
     ],
     [
      79.089763,
      21.191983
     ],
     [
      79.090438,
      21.192381
     ],
     [
      79.091078,
      21.193082
     ],
     [
      79.091335,
      21.19332
     ],
     [
      79.092069,
      21.193902
     ],
     [
      79.092445,
      21.19391
     ],
     [
      79.093273,
      21.19469
     ],
     [
      79.093803,
      21.194857
     ],
     [
      79.094324,
      21.195407
     ],
     [
      79.095708,
      21.195765
     ],
     [
      79.096733,
      21.196227
     ],
     [
      79.097629,
      21.196872
     ],
     [
      79.098014,
      21.197063
     ],
     [
      79.098159,
      21.197374
     ],
     [
      79.099115,
      21.19766
     ],
     [
      79.0995,
      21.198122
     ],
     [
      79.10026,
      21.198496
     ],
     [
      79.100576,
      21.198807
     ],
     [
      79.10149,
      21.198974
     ],
     [
      79.102267,
      21.199253
     ],
     [
      79.102626,
      21.199293
     ],
     [
      79.103924,
      21.198759
     ],
     [
      79.104146,
      21.198815
     ],
     [
      79.104966,
      21.198433
     ],
     [
      79.105085,
      21.198258
     ],
     [
      79.105709,
      21.198162
     ],
     [
      79.106375,
      21.197875
     ],
     [
      79.106973,
      21.19817
     ],
     [
      79.10746,
      21.198337
     ],
     [
      79.10769,
      21.198648
     ],
     [
      79.108169,
      21.198473
     ],
     [
      79.109173,
      21.19905
     ],
     [
      79.109558,
      21.199197
     ],
     [
      79.109718,
      21.199288
     ],
     [
      79.109968,
      21.199329
     ],
     [
      79.110112,
      21.199498
     ],
     [
      79.110231,
      21.199527
     ],
     [
      79.110318,
      21.199457
     ],
     [
      79.110487,
      21.199264
     ],
     [
      79.110669,
      21.199235
     ],
     [
      79.111025,
      21.199451
     ],
     [
      79.1113,
      21.199468
     ],
     [
      79.111807,
      21.199445
     ],
     [
      79.112007,
      21.199585
     ],
     [
      79.112207,
      21.199486
     ],
     [
      79.112288,
      21.199282
     ],
     [
      79.113164,
      21.198897
     ],
     [
      79.113477,
      21.198635
     ],
     [
      79.113627,
      21.198372
     ],
     [
      79.113839,
      21.197649
     ],
     [
      79.113833,
      21.19713
     ],
     [
      79.114021,
      21.19653
     ],
     [
      79.114252,
      21.195982
     ],
     [
      79.114208,
      21.195807
     ],
     [
      79.114421,
      21.195393
     ],
     [
      79.114408,
      21.195177
     ],
     [
      79.114452,
      21.194961
     ],
     [
      79.11464,
      21.194886
     ],
     [
      79.114902,
      21.194477
     ],
     [
      79.115109,
      21.194425
     ],
     [
      79.115203,
      21.194302
     ],
     [
      79.115709,
      21.194267
     ],
     [
      79.115916,
      21.194326
     ],
     [
      79.116572,
      21.194227
     ],
     [
      79.117235,
      21.194279
     ],
     [
      79.117548,
      21.194186
     ],
     [
      79.117954,
      21.194203
     ],
     [
      79.118061,
      21.194361
     ],
     [
      79.118348,
      21.194402
     ],
     [
      79.118736,
      21.19446
     ],
     [
      79.119124,
      21.194623
     ],
     [
      79.119461,
      21.194507
     ],
     [
      79.119999,
      21.194343
     ],
     [
      79.120124,
      21.194221
     ],
     [
      79.120218,
      21.194087
     ],
     [
      79.120587,
      21.193778
     ],
     [
      79.120756,
      21.193533
     ],
     [
      79.120944,
      21.192518
     ],
     [
      79.121219,
      21.192145
     ],
     [
      79.121463,
      21.192081
     ],
     [
      79.123201,
      21.192134
     ],
     [
      79.123601,
      21.192075
     ],
     [
      79.124496,
      21.191754
     ],
     [
      79.124677,
      21.191615
     ],
     [
      79.124971,
      21.191125
     ],
     [
      79.12514,
      21.190058
     ],
     [
      79.12509,
      21.188889
     ],
     [
      79.12501,
      21.188625
     ],
     [
      79.124971,
      21.188378
     ],
     [
      79.12475,
      21.187215
     ],
     [
      79.124739,
      21.186614
     ],
     [
      79.124846,
      21.18625
     ],
     [
      79.124935,
      21.186018
     ],
     [
      79.125116,
      21.185689
     ],
     [
      79.12574,
      21.185405
     ],
     [
      79.126039,
      21.185298
     ],
     [
      79.126376,
      21.185151
     ],
     [
      79.128354,
      21.184337
     ],
     [
      79.130262,
      21.183865
     ],
     [
      79.130488,
      21.183775
     ],
     [
      79.130706,
      21.183521
     ],
     [
      79.130793,
      21.183043
     ],
     [
      79.13078,
      21.18252
     ],
     [
      79.130802,
      21.181904
     ],
     [
      79.131046,
      21.181514
     ],
     [
      79.131366,
      21.181308
     ],
     [
      79.131778,
      21.181086
     ],
     [
      79.132301,
      21.180698
     ],
     [
      79.132851,
      21.180265
     ],
     [
      79.13295,
      21.18017
     ],
     [
      79.132984,
      21.180074
     ],
     [
      79.132951,
      21.179938
     ],
     [
      79.133149,
      21.179892
     ],
     [
      79.133417,
      21.179815
     ],
     [
      79.133663,
      21.179776
     ],
     [
      79.133855,
      21.179777
     ],
     [
      79.134142,
      21.179867
     ],
     [
      79.134476,
      21.179868
     ],
     [
      79.134919,
      21.179874
     ],
     [
      79.135412,
      21.1799
     ],
     [
      79.135665,
      21.179971
     ],
     [
      79.135965,
      21.180313
     ],
     [
      79.136279,
      21.180527
     ],
     [
      79.137138,
      21.180503
     ],
     [
      79.137584,
      21.180399
     ],
     [
      79.13791,
      21.180087
     ],
     [
      79.138605,
      21.179287
     ],
     [
      79.138871,
      21.179271
     ],
     [
      79.139506,
      21.179471
     ],
     [
      79.140227,
      21.179823
     ],
     [
      79.140562,
      21.180111
     ],
     [
      79.141747,
      21.180031
     ],
     [
      79.142416,
      21.179743
     ],
     [
      79.142871,
      21.179295
     ],
     [
      79.143283,
      21.178766
     ],
     [
      79.143429,
      21.17847
     ],
     [
      79.143781,
      21.17827
     ]
    ]
   }
  },
  {
   "type": "Feature",
   "properties": {
    "osm_id": 308766852,
    "waterway": "stream",
    "name": "",
    "name_en": "",
    "tunnel": "",
    "intermittent": ""
   },
   "geometry": {
    "type": "LineString",
    "coordinates": [
     [
      79.049681,
      21.106102
     ],
     [
      79.050067,
      21.10624
     ],
     [
      79.050117,
      21.106242
     ],
     [
      79.050403,
      21.106249
     ],
     [
      79.050907,
      21.106182
     ],
     [
      79.051142,
      21.106281
     ],
     [
      79.051325,
      21.106576
     ],
     [
      79.051483,
      21.106684
     ],
     [
      79.051534,
      21.10678
     ],
     [
      79.05181,
      21.107306
     ],
     [
      79.05194,
      21.107378
     ],
     [
      79.052689,
      21.10723
     ],
     [
      79.053219,
      21.107483
     ]
    ]
   }
  },
  {
   "type": "Feature",
   "properties": {
    "osm_id": 308766853,
    "waterway": "stream",
    "name": "",
    "name_en": "",
    "tunnel": "culvert",
    "intermittent": ""
   },
   "geometry": {
    "type": "LineString",
    "coordinates": [
     [
      79.048987,
      21.105829
     ],
     [
      79.049089,
      21.105871
     ]
    ]
   }
  },
  {
   "type": "Feature",
   "properties": {
    "osm_id": 308766854,
    "waterway": "stream",
    "name": "",
    "name_en": "",
    "tunnel": "culvert",
    "intermittent": ""
   },
   "geometry": {
    "type": "LineString",
    "coordinates": [
     [
      79.049291,
      21.110542
     ],
     [
      79.049374,
      21.110523
     ]
    ]
   }
  },
  {
   "type": "Feature",
   "properties": {
    "osm_id": 308766855,
    "waterway": "stream",
    "name": "",
    "name_en": "",
    "tunnel": "culvert",
    "intermittent": ""
   },
   "geometry": {
    "type": "LineString",
    "coordinates": [
     [
      79.047996,
      21.110828
     ],
     [
      79.048049,
      21.110823
     ]
    ]
   }
  },
  {
   "type": "Feature",
   "properties": {
    "osm_id": 308766856,
    "waterway": "stream",
    "name": "",
    "name_en": "",
    "tunnel": "culvert",
    "intermittent": ""
   },
   "geometry": {
    "type": "LineString",
    "coordinates": [
     [
      79.048425,
      21.110751
     ],
     [
      79.048496,
      21.110734
     ]
    ]
   }
  },
  {
   "type": "Feature",
   "properties": {
    "osm_id": 308766857,
    "waterway": "stream",
    "name": "",
    "name_en": "",
    "tunnel": "culvert",
    "intermittent": ""
   },
   "geometry": {
    "type": "LineString",
    "coordinates": [
     [
      79.04959,
      21.10607
     ],
     [
      79.049681,
      21.106102
     ]
    ]
   }
  },
  {
   "type": "Feature",
   "properties": {
    "osm_id": 308766858,
    "waterway": "stream",
    "name": "",
    "name_en": "",
    "tunnel": "culvert",
    "intermittent": ""
   },
   "geometry": {
    "type": "LineString",
    "coordinates": [
     [
      79.045441,
      21.11183
     ],
     [
      79.045533,
      21.111813
     ]
    ]
   }
  },
  {
   "type": "Feature",
   "properties": {
    "osm_id": 308766859,
    "waterway": "stream",
    "name": "",
    "name_en": "",
    "tunnel": "culvert",
    "intermittent": ""
   },
   "geometry": {
    "type": "LineString",
    "coordinates": [
     [
      79.048867,
      21.110644
     ],
     [
      79.048949,
      21.110625
     ]
    ]
   }
  },
  {
   "type": "Feature",
   "properties": {
    "osm_id": 308766860,
    "waterway": "stream",
    "name": "",
    "name_en": "",
    "tunnel": "",
    "intermittent": ""
   },
   "geometry": {
    "type": "LineString",
    "coordinates": [
     [
      79.048496,
      21.110734
     ],
     [
      79.048867,
      21.110644
     ]
    ]
   }
  },
  {
   "type": "Feature",
   "properties": {
    "osm_id": 308766861,
    "waterway": "stream",
    "name": "",
    "name_en": "",
    "tunnel": "",
    "intermittent": ""
   },
   "geometry": {
    "type": "LineString",
    "coordinates": [
     [
      79.048949,
      21.110625
     ],
     [
      79.049291,
      21.110542
     ]
    ]
   }
  },
  {
   "type": "Feature",
   "properties": {
    "osm_id": 308766863,
    "waterway": "stream",
    "name": "",
    "name_en": "",
    "tunnel": "",
    "intermittent": ""
   },
   "geometry": {
    "type": "LineString",
    "coordinates": [
     [
      79.049089,
      21.105871
     ],
     [
      79.049404,
      21.106003
     ],
     [
      79.04959,
      21.10607
     ]
    ]
   }
  },
  {
   "type": "Feature",
   "properties": {
    "osm_id": 308766864,
    "waterway": "stream",
    "name": "",
    "name_en": "",
    "tunnel": "",
    "intermittent": ""
   },
   "geometry": {
    "type": "LineString",
    "coordinates": [
     [
      79.048049,
      21.110823
     ],
     [
      79.048161,
      21.110815
     ],
     [
      79.048425,
      21.110751
     ]
    ]
   }
  },
  {
   "type": "Feature",
   "properties": {
    "osm_id": 308766865,
    "waterway": "stream",
    "name": "",
    "name_en": "",
    "tunnel": "",
    "intermittent": ""
   },
   "geometry": {
    "type": "LineString",
    "coordinates": [
     [
      79.045533,
      21.111813
     ],
     [
      79.046422,
      21.111639
     ],
     [
      79.046498,
      21.111602
     ]
    ]
   }
  },
  {
   "type": "Feature",
   "properties": {
    "osm_id": 308766866,
    "waterway": "stream",
    "name": "",
    "name_en": "",
    "tunnel": "culvert",
    "intermittent": ""
   },
   "geometry": {
    "type": "LineString",
    "coordinates": [
     [
      79.046498,
      21.111602
     ],
     [
      79.046545,
      21.111541
     ],
     [
      79.046631,
      21.111454
     ]
    ]
   }
  },
  {
   "type": "Feature",
   "properties": {
    "osm_id": 308766867,
    "waterway": "stream",
    "name": "",
    "name_en": "",
    "tunnel": "",
    "intermittent": ""
   },
   "geometry": {
    "type": "LineString",
    "coordinates": [
     [
      79.096387,
      21.088836
     ],
     [
      79.096594,
      21.08882
     ]
    ]
   }
  },
  {
   "type": "Feature",
   "properties": {
    "osm_id": 308766868,
    "waterway": "stream",
    "name": "",
    "name_en": "",
    "tunnel": "",
    "intermittent": ""
   },
   "geometry": {
    "type": "LineString",
    "coordinates": [
     [
      79.046631,
      21.111454
     ],
     [
      79.047141,
      21.111037
     ],
     [
      79.047372,
      21.110929
     ],
     [
      79.047486,
      21.110882
     ],
     [
      79.047724,
      21.11085
     ],
     [
      79.047996,
      21.110828
     ]
    ]
   }
  },
  {
   "type": "Feature",
   "properties": {
    "osm_id": 308766869,
    "waterway": "stream",
    "name": "",
    "name_en": "",
    "tunnel": "",
    "intermittent": ""
   },
   "geometry": {
    "type": "LineString",
    "coordinates": [
     [
      79.049374,
      21.110523
     ],
     [
      79.050241,
      21.110298
     ],
     [
      79.050767,
      21.109753
     ],
     [
      79.051368,
      21.109687
     ],
     [
      79.052307,
      21.109277
     ],
     [
      79.05236,
      21.109117
     ]
    ]
   }
  },
  {
   "type": "Feature",
   "properties": {
    "osm_id": 308770481,
    "waterway": "drain",
    "name": "",
    "name_en": "",
    "tunnel": "culvert",
    "intermittent": ""
   },
   "geometry": {
    "type": "LineString",
    "coordinates": [
     [
      79.143211,
      21.160425
     ],
     [
      79.143382,
      21.1605
     ]
    ]
   }
  },
  {
   "type": "Feature",
   "properties": {
    "osm_id": 308770482,
    "waterway": "drain",
    "name": "",
    "name_en": "",
    "tunnel": "",
    "intermittent": ""
   },
   "geometry": {
    "type": "LineString",
    "coordinates": [
     [
      79.151645,
      21.162002
     ],
     [
      79.152109,
      21.16235
     ],
     [
      79.152429,
      21.162463
     ],
     [
      79.15303,
      21.162449
     ],
     [
      79.153221,
      21.162527
     ],
     [
      79.153525,
      21.162804
     ],
     [
      79.154203,
      21.16318
     ],
     [
      79.154416,
      21.163187
     ],
     [
      79.154751,
      21.163351
     ],
     [
      79.155383,
      21.163848
     ],
     [
      79.155619,
      21.164281
     ],
     [
      79.155825,
      21.164366
     ],
     [
      79.156373,
      21.16438
     ],
     [
      79.156746,
      21.164735
     ],
     [
      79.156821,
      21.164996
     ],
     [
      79.15756,
      21.166041
     ],
     [
      79.157796,
      21.166091
     ],
     [
      79.158025,
      21.16629
     ],
     [
      79.158192,
      21.166482
     ],
     [
      79.159091,
      21.166759
     ],
     [
      79.160712,
      21.167369
     ],
     [
      79.161181,
      21.16753
     ],
     [
      79.161828,
      21.16764
     ],
     [
      79.161946,
      21.167743
     ],
     [
      79.162285,
      21.167934
     ],
     [
      79.162331,
      21.168014
     ],
     [
      79.162301,
      21.168174
     ],
     [
      79.162295,
      21.168259
     ],
     [
      79.162352,
      21.16832
     ],
     [
      79.162622,
      21.168394
     ],
     [
      79.162825,
      21.16851
     ],
     [
      79.163046,
      21.168494
     ],
     [
      79.163263,
      21.168627
     ],
     [
      79.163549,
      21.168745
     ],
     [
      79.163914,
      21.168913
     ],
     [
      79.164218,
      21.1689
     ],
     [
      79.164554,
      21.168938
     ],
     [
      79.164945,
      21.168973
     ],
     [
      79.165288,
      21.168954
     ],
     [
      79.165457,
      21.168991
     ],
     [
      79.165507,
      21.168863
     ],
     [
      79.165637,
      21.168768
     ],
     [
      79.165825,
      21.168711
     ],
     [
      79.166056,
      21.168757
     ],
     [
      79.166239,
      21.168995
     ],
     [
      79.16663,
      21.169005
     ],
     [
      79.167009,
      21.16898
     ],
     [
      79.167183,
      21.168936
     ],
     [
      79.167321,
      21.168541
     ],
     [
      79.167406,
      21.168427
     ],
     [
      79.16756,
      21.168436
     ],
     [
      79.16775,
      21.168384
     ],
     [
      79.168052,
      21.168514
     ],
     [
      79.1683,
      21.168471
     ],
     [
      79.168491,
      21.168374
     ],
     [
      79.168533,
      21.168101
     ],
     [
      79.168694,
      21.168118
     ],
     [
      79.168817,
      21.168098
     ],
     [
      79.16891,
      21.168028
     ],
     [
      79.169296,
      21.167953
     ],
     [
      79.169633,
      21.168094
     ],
     [
      79.170549,
      21.168062
     ],
     [
      79.170785,
      21.1681
     ],
     [
      79.171735,
      21.167867
     ],
     [
      79.171978,
      21.167786
     ],
     [
      79.172411,
      21.167812
     ],
     [
      79.172601,
      21.167849
     ],
     [
      79.172879,
      21.1678
     ],
     [
      79.173064,
      21.167841
     ],
     [
      79.173341,
      21.167952
     ],
     [
      79.173648,
      21.168015
     ],
     [
      79.173807,
      21.167925
     ],
     [
      79.173916,
      21.167829
     ],
     [
      79.174024,
      21.167807
     ],
     [
      79.174205,
      21.167892
     ],
     [
      79.174384,
      21.168037
     ],
     [
      79.174371,
      21.168156
     ],
     [
      79.174456,
      21.168253
     ],
     [
      79.174687,
      21.168286
     ]
    ]
   }
  },
  {
   "type": "Feature",
   "properties": {
    "osm_id": 308773032,
    "waterway": "drain",
    "name": "",
    "name_en": "",
    "tunnel": "culvert",
    "intermittent": ""
   },
   "geometry": {
    "type": "LineString",
    "coordinates": [
     [
      79.125868,
      21.162962
     ],
     [
      79.125954,
      21.162994
     ]
    ]
   }
  },
  {
   "type": "Feature",
   "properties": {
    "osm_id": 308773033,
    "waterway": "drain",
    "name": "",
    "name_en": "",
    "tunnel": "",
    "intermittent": ""
   },
   "geometry": {
    "type": "LineString",
    "coordinates": [
     [
      79.127224,
      21.163663
     ],
     [
      79.127505,
      21.163811
     ],
     [
      79.128434,
      21.1643
     ],
     [
      79.128568,
      21.164307
     ],
     [
      79.128659,
      21.164254
     ],
     [
      79.128942,
      21.16406
     ],
     [
      79.129118,
      21.163956
     ],
     [
      79.130203,
      21.163775
     ],
     [
      79.13198,
      21.163395
     ],
     [
      79.132334,
      21.163388
     ],
     [
      79.132904,
      21.163179
     ]
    ]
   }
  },
  {
   "type": "Feature",
   "properties": {
    "osm_id": 308777836,
    "waterway": "drain",
    "name": "",
    "name_en": "",
    "tunnel": "culvert",
    "intermittent": ""
   },
   "geometry": {
    "type": "LineString",
    "coordinates": [
     [
      79.123874,
      21.16242
     ],
     [
      79.124094,
      21.16237
     ]
    ]
   }
  },
  {
   "type": "Feature",
   "properties": {
    "osm_id": 308777837,
    "waterway": "drain",
    "name": "",
    "name_en": "",
    "tunnel": "",
    "intermittent": ""
   },
   "geometry": {
    "type": "LineString",
    "coordinates": [
     [
      79.124094,
      21.16237
     ],
     [
      79.124282,
      21.162426
     ],
     [
      79.124562,
      21.162519
     ],
     [
      79.124985,
      21.162694
     ],
     [
      79.125337,
      21.162836
     ],
     [
      79.125583,
      21.162965
     ],
     [
      79.125868,
      21.162962
     ]
    ]
   }
  },
  {
   "type": "Feature",
   "properties": {
    "osm_id": 308836999,
    "waterway": "drain",
    "name": "",
    "name_en": "",
    "tunnel": "",
    "intermittent": ""
   },
   "geometry": {
    "type": "LineString",
    "coordinates": [
     [
      79.133113,
      21.163104
     ],
     [
      79.133389,
      21.163314
     ],
     [
      79.133496,
      21.163459
     ],
     [
      79.133602,
      21.163495
     ],
     [
      79.133656,
      21.163445
     ],
     [
      79.133694,
      21.163374
     ],
     [
      79.133629,
      21.16326
     ],
     [
      79.133701,
      21.163179
     ],
     [
      79.13385,
      21.163161
     ],
     [
      79.135258,
      21.163157
     ],
     [
      79.137219,
      21.162731
     ],
     [
      79.137949,
      21.162408
     ],
     [
      79.140283,
      21.161411
     ],
     [
      79.1408,
      21.161878
     ],
     [
      79.140875,
      21.161868
     ],
     [
      79.142797,
      21.160161
     ],
     [
      79.142878,
      21.160156
     ],
     [
      79.143126,
      21.160387
     ],
     [
      79.143211,
      21.160425
     ]
    ]
   }
  },
  {
   "type": "Feature",
   "properties": {
    "osm_id": 308837000,
    "waterway": "drain",
    "name": "",
    "name_en": "",
    "tunnel": "culvert",
    "intermittent": ""
   },
   "geometry": {
    "type": "LineString",
    "coordinates": [
     [
      79.132904,
      21.163179
     ],
     [
      79.133113,
      21.163104
     ]
    ]
   }
  },
  {
   "type": "Feature",
   "properties": {
    "osm_id": 311295521,
    "waterway": "drain",
    "name": "",
    "name_en": "",
    "tunnel": "",
    "intermittent": ""
   },
   "geometry": {
    "type": "LineString",
    "coordinates": [
     [
      79.089521,
      21.196916
     ],
     [
      79.089723,
      21.196819
     ],
     [
      79.090011,
      21.19649
     ],
     [
      79.090393,
      21.196409
     ],
     [
      79.090664,
      21.19655
     ],
     [
      79.090811,
      21.196499
     ],
     [
      79.091049,
      21.196255
     ],
     [
      79.091333,
      21.196242
     ],
     [
      79.091544,
      21.196298
     ],
     [
      79.091731,
      21.196213
     ],
     [
      79.091933,
      21.196165
     ],
     [
      79.092203,
      21.195867
     ],
     [
      79.093273,
      21.19469
     ]
    ]
   }
  },
  {
   "type": "Feature",
   "properties": {
    "osm_id": 311295522,
    "waterway": "canal",
    "name": "",
    "name_en": "",
    "tunnel": "",
    "intermittent": ""
   },
   "geometry": {
    "type": "LineString",
    "coordinates": [
     [
      79.197844,
      21.184972
     ],
     [
      79.199023,
      21.184332
     ],
     [
      79.199586,
      21.184174
     ],
     [
      79.200885,
      21.183839
     ],
     [
      79.201764,
      21.183589
     ],
     [
      79.203454,
      21.183104
     ],
     [
      79.206297,
      21.182193
     ],
     [
      79.208376,
      21.181541
     ],
     [
      79.209103,
      21.181296
     ],
     [
      79.209835,
      21.181068
     ],
     [
      79.210353,
      21.180883
     ],
     [
      79.210487,
      21.180808
     ],
     [
      79.210865,
      21.180168
     ],
     [
      79.211866,
      21.178589
     ],
     [
      79.211997,
      21.178454
     ],
     [
      79.212265,
      21.178254
     ],
     [
      79.213518,
      21.177557
     ],
     [
      79.215634,
      21.176381
     ],
     [
      79.21587,
      21.176278
     ],
     [
      79.216002,
      21.176256
     ],
     [
      79.216382,
      21.176419
     ],
     [
      79.216983,
      21.176661
     ],
     [
      79.218539,
      21.177289
     ],
     [
      79.219065,
      21.177532
     ],
     [
      79.219293,
      21.177659
     ],
     [
      79.221197,
      21.178927
     ],
     [
      79.221809,
      21.179355
     ],
     [
      79.221929,
      21.17938
     ],
     [
      79.222106,
      21.179372
     ],
     [
      79.222755,
      21.179175
     ],
     [
      79.225395,
      21.178297
     ],
     [
      79.227227,
      21.177714
     ],
     [
      79.227589,
      21.177581
     ],
     [
      79.227897,
      21.177581
     ],
     [
      79.230625,
      21.177779
     ],
     [
      79.233339,
      21.177959
     ],
     [
      79.23442,
      21.177989
     ],
     [
      79.234581,
      21.177969
     ],
     [
      79.234694,
      21.177889
     ],
     [
      79.234984,
      21.177532
     ],
     [
      79.2364,
      21.175856
     ],
     [
      79.237003,
      21.175163
     ],
     [
      79.237942,
      21.17422
     ],
     [
      79.23809,
      21.174065
     ],
     [
      79.238122,
      21.173975
     ],
     [
      79.238162,
      21.17383
     ],
     [
      79.23828,
      21.172529
     ],
     [
      79.238417,
      21.171259
     ],
     [
      79.23857,
      21.170071
     ],
     [
      79.238647,
      21.16992
     ],
     [
      79.239551,
      21.168497
     ],
     [
      79.240193,
      21.167457
     ],
     [
      79.240742,
      21.166576
     ],
     [
      79.241397,
      21.165571
     ],
     [
      79.241499,
      21.165426
     ],
     [
      79.241678,
      21.165333
     ],
     [
      79.242754,
      21.165361
     ],
     [
      79.245546,
      21.165288
     ]
    ]
   }
  },
  {
   "type": "Feature",
   "properties": {
    "osm_id": 311295523,
    "waterway": "stream",
    "name": "",
    "name_en": "",
    "tunnel": "culvert",
    "intermittent": ""
   },
   "geometry": {
    "type": "LineString",
    "coordinates": [
     [
      79.08084,
      21.141544
     ],
     [
      79.08106,
      21.141112
     ]
    ]
   }
  },
  {
   "type": "Feature",
   "properties": {
    "osm_id": 311295524,
    "waterway": "drain",
    "name": "",
    "name_en": "",
    "tunnel": "culvert",
    "intermittent": ""
   },
   "geometry": {
    "type": "LineString",
    "coordinates": [
     [
      79.089285,
      21.196973
     ],
     [
      79.089521,
      21.196916
     ]
    ]
   }
  },
  {
   "type": "Feature",
   "properties": {
    "osm_id": 311295527,
    "waterway": "drain",
    "name": "",
    "name_en": "",
    "tunnel": "culvert",
    "intermittent": ""
   },
   "geometry": {
    "type": "LineString",
    "coordinates": [
     [
      79.09687,
      21.169784
     ],
     [
      79.097059,
      21.169828
     ]
    ]
   }
  },
  {
   "type": "Feature",
   "properties": {
    "osm_id": 311295528,
    "waterway": "drain",
    "name": "",
    "name_en": "",
    "tunnel": "culvert",
    "intermittent": ""
   },
   "geometry": {
    "type": "LineString",
    "coordinates": [
     [
      79.090899,
      21.161195
     ],
     [
      79.091021,
      21.16121
     ]
    ]
   }
  },
  {
   "type": "Feature",
   "properties": {
    "osm_id": 311295529,
    "waterway": "canal",
    "name": "",
    "name_en": "",
    "tunnel": "culvert",
    "intermittent": ""
   },
   "geometry": {
    "type": "LineString",
    "coordinates": [
     [
      79.151565,
      21.20723
     ],
     [
      79.151785,
      21.206855
     ]
    ]
   }
  },
  {
   "type": "Feature",
   "properties": {
    "osm_id": 311295530,
    "waterway": "drain",
    "name": "",
    "name_en": "",
    "tunnel": "",
    "intermittent": ""
   },
   "geometry": {
    "type": "LineString",
    "coordinates": [
     [
      79.091021,
      21.16121
     ],
     [
      79.091874,
      21.161665
     ],
     [
      79.093112,
      21.162035
     ],
     [
      79.09349,
      21.162202
     ],
     [
      79.093689,
      21.162219
     ],
     [
      79.093848,
      21.162441
     ],
     [
      79.09391,
      21.162494
     ],
     [
      79.094033,
      21.162537
     ],
     [
      79.095612,
      21.163079
     ],
     [
      79.095729,
      21.163157
     ],
     [
      79.095791,
      21.163247
     ],
     [
      79.095791,
      21.163313
     ],
     [
      79.095733,
      21.163631
     ],
     [
      79.095364,
      21.164079
     ],
     [
      79.095287,
      21.16428
     ],
     [
      79.095304,
      21.164528
     ],
     [
      79.095175,
      21.164712
     ],
     [
      79.095235,
      21.164952
     ],
     [
      79.095263,
      21.165469
     ],
     [
      79.095269,
      21.165592
     ],
     [
      79.095389,
      21.165832
     ],
     [
      79.095879,
      21.166465
     ],
     [
      79.096274,
      21.167105
     ],
     [
      79.096445,
      21.167417
     ],
     [
      79.09664,
      21.169692
     ],
     [
      79.096711,
      21.169748
     ],
     [
      79.09687,
      21.169784
     ]
    ]
   }
  },
  {
   "type": "Feature",
   "properties": {
    "osm_id": 311295532,
    "waterway": "stream",
    "name": "",
    "name_en": "",
    "tunnel": "",
    "intermittent": ""
   },
   "geometry": {
    "type": "LineString",
    "coordinates": [
     [
      79.08106,
      21.141112
     ],
     [
      79.08108,
      21.141021
     ],
     [
      79.081313,
      21.14084
     ],
     [
      79.081417,
      21.140623
     ],
     [
      79.081861,
      21.140322
     ]
    ]
   }
  },
  {
   "type": "Feature",
   "properties": {
    "osm_id": 311295533,
    "waterway": "drain",
    "name": "",
    "name_en": "",
    "tunnel": "",
    "intermittent": ""
   },
   "geometry": {
    "type": "LineString",
    "coordinates": [
     [
      79.097059,
      21.169828
     ],
     [
      79.097466,
      21.169912
     ],
     [
      79.099514,
      21.170387
     ],
     [
      79.100748,
      21.170674
     ],
     [
      79.10241,
      21.171
     ],
     [
      79.104595,
      21.171407
     ],
     [
      79.104831,
      21.171451
     ],
     [
      79.107535,
      21.172011
     ],
     [
      79.107905,
      21.17209
     ],
     [
      79.109234,
      21.172372
     ],
     [
      79.109709,
      21.17247
     ],
     [
      79.110664,
      21.172656
     ],
     [
      79.111017,
      21.172761
     ],
     [
      79.11105,
      21.172786
     ],
     [
      79.111559,
      21.173171
     ],
     [
      79.111856,
      21.17321
     ],
     [
      79.112234,
      21.173113
     ],
     [
      79.112453,
      21.17318
     ],
     [
      79.112667,
      21.173364
     ],
     [
      79.112965,
      21.17391
     ],
     [
      79.113852,
      21.174581
     ],
     [
      79.11432,
      21.175007
     ],
     [
      79.114511,
      21.175232
     ],
     [
      79.115792,
      21.175341
     ],
     [
      79.116324,
      21.175221
     ],
     [
      79.116914,
      21.175174
     ]
    ]
   }
  },
  {
   "type": "Feature",
   "properties": {
    "osm_id": 311295545,
    "waterway": "river",
    "name": "Naag",
    "name_en": "",
    "tunnel": "culvert",
    "intermittent": ""
   },
   "geometry": {
    "type": "LineString",
    "coordinates": [
     [
      79.06078,
      21.134998
     ],
     [
      79.060994,
      21.135049
     ]
    ]
   }
  },
  {
   "type": "Feature",
   "properties": {
    "osm_id": 311295546,
    "waterway": "river",
    "name": "Nag River",
    "name_en": "",
    "tunnel": "culvert",
    "intermittent": ""
   },
   "geometry": {
    "type": "LineString",
    "coordinates": [
     [
      79.044203,
      21.125252
     ],
     [
      79.044447,
      21.125663
     ]
    ]
   }
  },
  {
   "type": "Feature",
   "properties": {
    "osm_id": 311295547,
    "waterway": "river",
    "name": "Nag River",
    "name_en": "",
    "tunnel": "",
    "intermittent": ""
   },
   "geometry": {
    "type": "LineString",
    "coordinates": [
     [
      79.044447,
      21.125663
     ],
     [
      79.045088,
      21.126637
     ],
     [
      79.046081,
      21.127582
     ],
     [
      79.047152,
      21.128643
     ],
     [
      79.047366,
      21.128768
     ],
     [
      79.048127,
      21.129081
     ],
     [
      79.049108,
      21.12969
     ],
     [
      79.049194,
      21.129725
     ]
    ]
   }
  },
  {
   "type": "Feature",
   "properties": {
    "osm_id": 311295548,
    "waterway": "river",
    "name": "Naag",
    "name_en": "",
    "tunnel": "",
    "intermittent": ""
   },
   "geometry": {
    "type": "LineString",
    "coordinates": [
     [
      79.069149,
      21.136991
     ],
     [
      79.069252,
      21.137063
     ],
     [
      79.069716,
      21.137103
     ],
     [
      79.070196,
      21.137231
     ],
     [
      79.070385,
      21.137231
     ],
     [
      79.070574,
      21.137311
     ],
     [
      79.071029,
      21.137383
     ],
     [
      79.071286,
      21.137487
     ],
     [
      79.072454,
      21.137696
     ],
     [
      79.074728,
      21.138224
     ],
     [
      79.075348,
      21.138443
     ],
     [
      79.075777,
      21.138523
     ],
     [
      79.076232,
      21.138715
     ],
     [
      79.076687,
      21.138795
     ],
     [
      79.077064,
      21.138939
     ],
     [
      79.077433,
      21.139019
     ],
     [
      79.07812,
      21.139276
     ],
     [
      79.078721,
      21.13942
     ],
     [
      79.078856,
      21.139444
     ],
     [
      79.079143,
      21.139554
     ],
     [
      79.079439,
      21.139644
     ],
     [
      79.079631,
      21.139702
     ]
    ]
   }
  },
  {
   "type": "Feature",
   "properties": {
    "osm_id": 311295553,
    "waterway": "stream",
    "name": "Pohara River",
    "name_en": "",
    "tunnel": "",
    "intermittent": ""
   },
   "geometry": {
    "type": "LineString",
    "coordinates": [
     [
      79.056303,
      21.103951
     ],
     [
      79.05653,
      21.103737
     ],
     [
      79.056841,
      21.103276
     ],
     [
      79.057275,
      21.102899
     ],
     [
      79.057983,
      21.102339
     ],
     [
      79.058412,
      21.101878
     ],
     [
      79.058927,
      21.101798
     ],
     [
      79.059313,
      21.101678
     ],
     [
      79.059573,
      21.101352
     ],
     [
      79.060469,
      21.099445
     ],
     [
      79.060879,
      21.099156
     ],
     [
      79.06105,
      21.098887
     ],
     [
      79.061545,
      21.098115
     ],
     [
      79.061781,
      21.097914
     ],
     [
      79.062339,
      21.097854
     ],
     [
      79.062661,
      21.097594
     ],
     [
      79.062961,
      21.097554
     ],
     [
      79.063433,
      21.097354
     ],
     [
      79.063689,
      21.096965
     ],
     [
      79.063689,
      21.096045
     ],
     [
      79.063775,
      21.094723
     ],
     [
      79.064054,
      21.094123
     ],
     [
      79.064349,
      21.093607
     ],
     [
      79.064397,
      21.092982
     ],
     [
      79.064592,
      21.092429
     ],
     [
      79.064999,
      21.092369
     ],
     [
      79.065473,
      21.092125
     ],
     [
      79.065792,
      21.0917
     ],
     [
      79.066115,
      21.090847
     ],
     [
      79.066888,
      21.090227
     ],
     [
      79.067403,
      21.090067
     ],
     [
      79.068089,
      21.088785
     ],
     [
      79.068304,
      21.088765
     ],
     [
      79.069032,
      21.088325
     ],
     [
      79.069376,
      21.088425
     ],
     [
      79.069762,
      21.088285
     ],
     [
      79.069976,
      21.088325
     ],
     [
      79.070813,
      21.088305
     ],
     [
      79.071135,
      21.088645
     ],
     [
      79.0715,
      21.088705
     ],
     [
      79.071908,
      21.088437
     ],
     [
      79.072015,
      21.088105
     ],
     [
      79.072616,
      21.087664
     ],
     [
      79.073581,
      21.087424
     ],
     [
      79.074075,
      21.087604
     ],
     [
      79.074418,
      21.087544
     ],
     [
      79.07444,
      21.087304
     ],
     [
      79.074654,
      21.087004
     ],
     [
      79.075041,
      21.086603
     ],
     [
      79.075684,
      21.086375
     ],
     [
      79.075813,
      21.086115
     ],
     [
      79.076092,
      21.086035
     ],
     [
      79.077229,
      21.085262
     ],
     [
      79.077465,
      21.085222
     ],
     [
      79.07798,
      21.084761
     ],
     [
      79.077937,
      21.084521
     ],
     [
      79.078087,
      21.084253
     ],
     [
      79.077744,
      21.08384
     ],
     [
      79.077637,
      21.083219
     ],
     [
      79.07783,
      21.082999
     ],
     [
      79.078109,
      21.083059
     ],
     [
      79.078881,
      21.082879
     ],
     [
      79.079246,
      21.082899
     ],
     [
      79.080147,
      21.082619
     ],
     [
      79.080555,
      21.082098
     ],
     [
      79.080233,
      21.081718
     ],
     [
      79.080126,
      21.081257
     ],
     [
      79.080619,
      21.080977
     ],
     [
      79.08107,
      21.081177
     ],
     [
      79.081864,
      21.081297
     ],
     [
      79.082358,
      21.081257
     ],
     [
      79.083044,
      21.081037
     ],
     [
      79.083731,
      21.080597
     ],
     [
      79.084096,
      21.080236
     ],
     [
      79.084546,
      21.080296
     ],
     [
      79.084911,
      21.080677
     ],
     [
      79.084825,
      21.080897
     ],
     [
      79.085276,
      21.081558
     ],
     [
      79.085662,
      21.081638
     ],
     [
      79.086692,
      21.081269
     ],
     [
      79.087314,
      21.081197
     ],
     [
      79.08873,
      21.081237
     ],
     [
      79.089031,
      21.081137
     ],
     [
      79.089718,
      21.080877
     ],
     [
      79.089996,
      21.080497
     ],
     [
      79.090211,
      21.080256
     ],
     [
      79.09064,
      21.080028
     ],
     [
      79.090726,
      21.079776
     ],
     [
      79.091456,
      21.079776
     ],
     [
      79.092035,
      21.079936
     ],
     [
      79.092099,
      21.080156
     ],
     [
      79.092614,
      21.080176
     ],
     [
      79.093022,
      21.080036
     ],
     [
      79.093258,
      21.079636
     ],
     [
      79.09461,
      21.079335
     ],
     [
      79.095833,
      21.079015
     ],
     [
      79.095769,
      21.078727
     ],
     [
      79.095823,
      21.078452
     ],
     [
      79.096026,
      21.078174
     ],
     [
      79.096498,
      21.078234
     ],
     [
      79.096734,
      21.078595
     ],
     [
      79.097077,
      21.079227
     ],
     [
      79.097893,
      21.078875
     ],
     [
      79.098472,
      21.078246
     ],
     [
      79.098172,
      21.077573
     ],
     [
      79.098837,
      21.077353
     ],
     [
      79.099481,
      21.077293
     ],
     [
      79.100082,
      21.077453
     ],
     [
      79.100618,
      21.077734
     ],
     [
      79.101412,
      21.077854
     ],
     [
      79.101948,
      21.077645
     ],
     [
      79.102185,
      21.077113
     ],
     [
      79.102292,
      21.076644
     ],
     [
      79.10227,
      21.076392
     ],
     [
      79.102399,
      21.076172
     ],
     [
      79.102742,
      21.075952
     ],
     [
      79.10328,
      21.07583
     ],
     [
      79.103499,
      21.075798
     ],
     [
      79.104174,
      21.075751
     ],
     [
      79.104646,
      21.075562
     ],
     [
      79.105287,
      21.075232
     ],
     [
      79.105843,
      21.074681
     ],
     [
      79.106214,
      21.074398
     ],
     [
      79.106805,
      21.07435
     ],
     [
      79.107614,
      21.074618
     ],
     [
      79.108491,
      21.074964
     ],
     [
      79.108795,
      21.075373
     ],
     [
      79.109874,
      21.076554
     ],
     [
      79.110313,
      21.076758
     ],
     [
      79.110986,
      21.077093
     ],
     [
      79.112083,
      21.077182
     ],
     [
      79.113528,
      21.077899
     ],
     [
      79.114034,
      21.078512
     ],
     [
      79.114962,
      21.078843
     ],
     [
      79.115805,
      21.079378
     ],
     [
      79.11626,
      21.079834
     ],
     [
      79.116952,
      21.080527
     ],
     [
      79.117542,
      21.080794
     ],
     [
      79.118031,
      21.081156
     ],
     [
      79.118554,
      21.081345
     ],
     [
      79.118891,
      21.08177
     ],
     [
      79.119137,
      21.082297
     ],
     [
      79.119684,
      21.082887
     ],
     [
      79.120763,
      21.083407
     ],
     [
      79.121843,
      21.083784
     ],
     [
      79.122703,
      21.083847
     ],
     [
      79.122988,
      21.083876
     ],
     [
      79.123279,
      21.084028
     ],
     [
      79.123647,
      21.084351
     ],
     [
      79.123883,
      21.084776
     ],
     [
      79.124106,
      21.085143
     ]
    ]
   }
  },
  {
   "type": "Feature",
   "properties": {
    "osm_id": 311295562,
    "waterway": "stream",
    "name": "Nallah",
    "name_en": "",
    "tunnel": "culvert",
    "intermittent": ""
   },
   "geometry": {
    "type": "LineString",
    "coordinates": [
     [
      79.056033,
      21.104891
     ],
     [
      79.056089,
      21.104653
     ]
    ]
   }
  },
  {
   "type": "Feature",
   "properties": {
    "osm_id": 311295564,
    "waterway": "stream",
    "name": "Nallah",
    "name_en": "",
    "tunnel": "culvert",
    "intermittent": ""
   },
   "geometry": {
    "type": "LineString",
    "coordinates": [
     [
      79.056238,
      21.104133
     ],
     [
      79.056303,
      21.103951
     ]
    ]
   }
  },
  {
   "type": "Feature",
   "properties": {
    "osm_id": 311295566,
    "waterway": "stream",
    "name": "Nallah",
    "name_en": "",
    "tunnel": "",
    "intermittent": ""
   },
   "geometry": {
    "type": "LineString",
    "coordinates": [
     [
      79.056089,
      21.104653
     ],
     [
      79.056179,
      21.104252
     ],
     [
      79.056238,
      21.104133
     ]
    ]
   }
  },
  {
   "type": "Feature",
   "properties": {
    "osm_id": 314409234,
    "waterway": "drain",
    "name": "",
    "name_en": "",
    "tunnel": "yes",
    "intermittent": ""
   },
   "geometry": {
    "type": "LineString",
    "coordinates": [
     [
      79.101353,
      21.115385
     ],
     [
      79.102005,
      21.115485
     ]
    ]
   }
  },
  {
   "type": "Feature",
   "properties": {
    "osm_id": 314409248,
    "waterway": "drain",
    "name": "",
    "name_en": "",
    "tunnel": "",
    "intermittent": ""
   },
   "geometry": {
    "type": "LineString",
    "coordinates": [
     [
      79.101062,
      21.115116
     ],
     [
      79.10098,
      21.115186
     ],
     [
      79.100863,
      21.115249
     ]
    ]
   }
  },
  {
   "type": "Feature",
   "properties": {
    "osm_id": 314409302,
    "waterway": "drain",
    "name": "",
    "name_en": "",
    "tunnel": "",
    "intermittent": ""
   },
   "geometry": {
    "type": "LineString",
    "coordinates": [
     [
      79.102005,
      21.115485
     ],
     [
      79.102354,
      21.115487
     ],
     [
      79.10248,
      21.11551
     ],
     [
      79.102584,
      21.115517
     ],
     [
      79.102708,
      21.115525
     ],
     [
      79.102882,
      21.115555
     ],
     [
      79.102973,
      21.1156
     ],
     [
      79.103078,
      21.11564
     ],
     [
      79.103119,
      21.115693
     ],
     [
      79.103158,
      21.11576
     ],
     [
      79.103185,
      21.115812
     ],
     [
      79.10325,
      21.115895
     ]
    ]
   }
  },
  {
   "type": "Feature",
   "properties": {
    "osm_id": 314409316,
    "waterway": "drain",
    "name": "",
    "name_en": "",
    "tunnel": "",
    "intermittent": ""
   },
   "geometry": {
    "type": "LineString",
    "coordinates": [
     [
      79.100433,
      21.111186
     ],
     [
      79.100432,
      21.111252
     ],
     [
      79.100407,
      21.111363
     ],
     [
      79.100455,
      21.111501
     ],
     [
      79.100487,
      21.111551
     ],
     [
      79.100555,
      21.11162
     ],
     [
      79.100717,
      21.111736
     ],
     [
      79.100992,
      21.11191
     ],
     [
      79.101053,
      21.111957
     ],
     [
      79.101104,
      21.112067
     ],
     [
      79.101134,
      21.112126
     ],
     [
      79.101137,
      21.11221
     ],
     [
      79.101084,
      21.112313
     ],
     [
      79.101047,
      21.112362
     ],
     [
      79.101025,
      21.112481
     ],
     [
      79.101007,
      21.112607
     ],
     [
      79.101016,
      21.112839
     ],
     [
      79.101034,
      21.113007
     ],
     [
      79.101119,
      21.113287
     ],
     [
      79.101147,
      21.113415
     ],
     [
      79.10115,
      21.113493
     ],
     [
      79.101133,
      21.113781
     ],
     [
      79.101131,
      21.113865
     ]
    ]
   }
  },
  {
   "type": "Feature",
   "properties": {
    "osm_id": 314568306,
    "waterway": "drain",
    "name": "",
    "name_en": "",
    "tunnel": "",
    "intermittent": ""
   },
   "geometry": {
    "type": "LineString",
    "coordinates": [
     [
      79.101414,
      21.104962
     ],
     [
      79.10128,
      21.105125
     ]
    ]
   }
  },
  {
   "type": "Feature",
   "properties": {
    "osm_id": 314579704,
    "waterway": "drain",
    "name": "",
    "name_en": "",
    "tunnel": "",
    "intermittent": ""
   },
   "geometry": {
    "type": "LineString",
    "coordinates": [
     [
      79.091893,
      21.115527
     ],
     [
      79.091716,
      21.115847
     ],
     [
      79.091429,
      21.116175
     ],
     [
      79.091362,
      21.116228
     ],
     [
      79.091322,
      21.11638
     ],
     [
      79.091327,
      21.116478
     ],
     [
      79.091308,
      21.1166
     ],
     [
      79.091308,
      21.116675
     ],
     [
      79.09133,
      21.11675
     ],
     [
      79.091361,
      21.116828
     ],
     [
      79.091364,
      21.116911
     ],
     [
      79.091334,
      21.116988
     ],
     [
      79.091302,
      21.117108
     ],
     [
      79.091276,
      21.117181
     ],
     [
      79.091215,
      21.117226
     ],
     [
      79.09111,
      21.117273
     ],
     [
      79.091027,
      21.117296
     ],
     [
      79.090954,
      21.117326
     ],
     [
      79.090874,
      21.117446
     ],
     [
      79.090753,
      21.118154
     ],
     [
      79.090737,
      21.118224
     ],
     [
      79.090566,
      21.118394
     ],
     [
      79.090389,
      21.118522
     ],
     [
      79.090279,
      21.118602
     ],
     [
      79.090195,
      21.118715
     ],
     [
      79.09015,
      21.11879
     ],
     [
      79.090028,
      21.118932
     ],
     [
      79.08997,
      21.118982
     ],
     [
      79.089863,
      21.11906
     ],
     [
      79.08978,
      21.119132
     ],
     [
      79.089726,
      21.119167
     ],
     [
      79.089691,
      21.11919
     ],
     [
      79.089619,
      21.119238
     ],
     [
      79.089575,
      21.1193
     ],
     [
      79.089588,
      21.11936
     ],
     [
      79.089546,
      21.119438
     ],
     [
      79.08956,
      21.119483
     ],
     [
      79.089562,
      21.119545
     ],
     [
      79.089552,
      21.119615
     ],
     [
      79.089545,
      21.119711
     ],
     [
      79.089607,
      21.119833
     ],
     [
      79.089608,
      21.119911
     ],
     [
      79.089664,
      21.119993
     ],
     [
      79.089701,
      21.120033
     ],
     [
      79.089736,
      21.120063
     ],
     [
      79.089796,
      21.120121
     ],
     [
      79.089876,
      21.120171
     ],
     [
      79.089932,
      21.120226
     ],
     [
      79.089999,
      21.120306
     ],
     [
      79.090025,
      21.120351
     ],
     [
      79.090058,
      21.120371
     ]
    ]
   }
  },
  {
   "type": "Feature",
   "properties": {
    "osm_id": 314724871,
    "waterway": "drain",
    "name": "",
    "name_en": "",
    "tunnel": "",
    "intermittent": ""
   },
   "geometry": {
    "type": "LineString",
    "coordinates": [
     [
      79.101145,
      21.182011
     ],
     [
      79.100719,
      21.181671
     ],
     [
      79.100737,
      21.181401
     ],
     [
      79.099282,
      21.180511
     ],
     [
      79.099228,
      21.18034
     ],
     [
      79.098988,
      21.18006
     ],
     [
      79.098849,
      21.17992
     ],
     [
      79.098763,
      21.17975
     ],
     [
      79.098752,
      21.17947
     ],
     [
      79.098741,
      21.17926
     ],
     [
      79.098563,
      21.17884
     ],
     [
      79.098548,
      21.17854
     ],
     [
      79.098527,
      21.17839
     ],
     [
      79.098452,
      21.17826
     ],
     [
      79.098327,
      21.17819
     ],
     [
      79.098076,
      21.17818
     ],
     [
      79.097779,
      21.17822
     ],
     [
      79.096578,
      21.17832
     ],
     [
      79.095978,
      21.178279
     ],
     [
      79.09563,
      21.178269
     ],
     [
      79.095581,
      21.17862
     ],
     [
      79.094981,
      21.17861
     ]
    ]
   }
  },
  {
   "type": "Feature",
   "properties": {
    "osm_id": 314727558,
    "waterway": "drain",
    "name": "",
    "name_en": "",
    "tunnel": "",
    "intermittent": ""
   },
   "geometry": {
    "type": "LineString",
    "coordinates": [
     [
      79.045966,
      21.177929
     ],
     [
      79.046196,
      21.177804
     ],
     [
      79.046175,
      21.177714
     ],
     [
      79.046164,
      21.177584
     ],
     [
      79.046143,
      21.177514
     ],
     [
      79.046164,
      21.177419
     ],
     [
      79.046213,
      21.177399
     ]
    ]
   }
  },
  {
   "type": "Feature",
   "properties": {
    "osm_id": 314731087,
    "waterway": "drain",
    "name": "",
    "name_en": "",
    "tunnel": "",
    "intermittent": ""
   },
   "geometry": {
    "type": "LineString",
    "coordinates": [
     [
      79.101145,
      21.182011
     ],
     [
      79.101621,
      21.182351
     ],
     [
      79.102099,
      21.182646
     ],
     [
      79.102281,
      21.182886
     ],
     [
      79.102463,
      21.183096
     ],
     [
      79.102613,
      21.183342
     ],
     [
      79.102737,
      21.183567
     ],
     [
      79.102844,
      21.183732
     ],
     [
      79.102909,
      21.183806
     ],
     [
      79.103235,
      21.184082
     ],
     [
      79.103391,
      21.184132
     ],
     [
      79.103966,
      21.184342
     ],
     [
      79.10418,
      21.184432
     ],
     [
      79.104265,
      21.184462
     ],
     [
      79.104512,
      21.184477
     ],
     [
      79.104744,
      21.184517
     ],
     [
      79.104855,
      21.184542
     ],
     [
      79.105028,
      21.184532
     ],
     [
      79.10522,
      21.184637
     ],
     [
      79.105339,
      21.184772
     ],
     [
      79.106036,
      21.18481
     ],
     [
      79.106196,
      21.184807
     ],
     [
      79.106562,
      21.184797
     ],
     [
      79.106652,
      21.184797
     ],
     [
      79.106873,
      21.184857
     ],
     [
      79.107002,
      21.184987
     ],
     [
      79.107136,
      21.185082
     ],
     [
      79.107275,
      21.185142
     ],
     [
      79.107399,
      21.185182
     ],
     [
      79.107436,
      21.185237
     ],
     [
      79.107453,
      21.185532
     ],
     [
      79.107479,
      21.185682
     ],
     [
      79.107524,
      21.185742
     ]
    ]
   }
  },
  {
   "type": "Feature",
   "properties": {
    "osm_id": 318984844,
    "waterway": "river",
    "name": "",
    "name_en": "",
    "tunnel": "culvert",
    "intermittent": ""
   },
   "geometry": {
    "type": "LineString",
    "coordinates": [
     [
      79.085797,
      21.24944
     ],
     [
      79.085847,
      21.249854
     ]
    ]
   }
  },
  {
   "type": "Feature",
   "properties": {
    "osm_id": 320014745,
    "waterway": "stream",
    "name": "",
    "name_en": "",
    "tunnel": "",
    "intermittent": ""
   },
   "geometry": {
    "type": "LineString",
    "coordinates": [
     [
      79.09595,
      21.106507
     ],
     [
      79.09607,
      21.106412
     ],
     [
      79.096137,
      21.106357
     ],
     [
      79.09631,
      21.106263
     ],
     [
      79.096537,
      21.106279
     ],
     [
      79.096782,
      21.106294
     ],
     [
      79.097022,
      21.10618
     ],
     [
      79.097191,
      21.10605
     ],
     [
      79.097351,
      21.105933
     ],
     [
      79.098447,
      21.105579
     ],
     [
      79.098586,
      21.10535
     ]
    ]
   }
  },
  {
   "type": "Feature",
   "properties": {
    "osm_id": 320014749,
    "waterway": "drain",
    "name": "",
    "name_en": "",
    "tunnel": "",
    "intermittent": ""
   },
   "geometry": {
    "type": "LineString",
    "coordinates": [
     [
      79.100359,
      21.108643
     ],
     [
      79.100184,
      21.10874
     ],
     [
      79.100088,
      21.108744
     ],
     [
      79.099944,
      21.10882
     ],
     [
      79.09998,
      21.109344
     ],
     [
      79.100076,
      21.109674
     ],
     [
      79.100104,
      21.110045
     ],
     [
      79.100226,
      21.110515
     ],
     [
      79.100306,
      21.110746
     ],
     [
      79.100356,
      21.110871
     ],
     [
      79.100415,
      21.110968
     ]
    ]
   }
  },
  {
   "type": "Feature",
   "properties": {
    "osm_id": 320014752,
    "waterway": "drain",
    "name": "",
    "name_en": "",
    "tunnel": "",
    "intermittent": ""
   },
   "geometry": {
    "type": "LineString",
    "coordinates": [
     [
      79.100559,
      21.116701
     ],
     [
      79.100531,
      21.116794
     ],
     [
      79.100516,
      21.116981
     ],
     [
      79.100522,
      21.117193
     ],
     [
      79.100513,
      21.117423
     ],
     [
      79.100484,
      21.117494
     ]
    ]
   }
  },
  {
   "type": "Feature",
   "properties": {
    "osm_id": 320014756,
    "waterway": "drain",
    "name": "",
    "name_en": "",
    "tunnel": "",
    "intermittent": ""
   },
   "geometry": {
    "type": "LineString",
    "coordinates": [
     [
      79.10078,
      21.115285
     ],
     [
      79.10073,
      21.115305
     ],
     [
      79.100547,
      21.115385
     ],
     [
      79.100492,
      21.115458
     ],
     [
      79.100477,
      21.115524
     ],
     [
      79.100494,
      21.115617
     ],
     [
      79.100564,
      21.115831
     ],
     [
      79.100599,
      21.115984
     ],
     [
      79.100618,
      21.11606
     ],
     [
      79.100632,
      21.11614
     ],
     [
      79.100583,
      21.116288
     ],
     [
      79.100589,
      21.116378
     ],
     [
      79.100589,
      21.11646
     ],
     [
      79.1006,
      21.116593
     ]
    ]
   }
  },
  {
   "type": "Feature",
   "properties": {
    "osm_id": 320014759,
    "waterway": "drain",
    "name": "",
    "name_en": "",
    "tunnel": "",
    "intermittent": ""
   },
   "geometry": {
    "type": "LineString",
    "coordinates": [
     [
      79.101086,
      21.105363
     ],
     [
      79.101046,
      21.105413
     ],
     [
      79.100881,
      21.105632
     ],
     [
      79.100857,
      21.105798
     ],
     [
      79.10087,
      21.106057
     ],
     [
      79.100897,
      21.106283
     ],
     [
      79.100881,
      21.10645
     ],
     [
      79.100814,
      21.106594
     ],
     [
      79.100835,
      21.106883
     ],
     [
      79.100867,
      21.107079
     ],
     [
      79.10075,
      21.10724
     ],
     [
      79.100595,
      21.10731
     ],
     [
      79.100546,
      21.10739
     ],
     [
      79.100557,
      21.107512
     ],
     [
      79.100574,
      21.107756
     ]
    ]
   }
  },
  {
   "type": "Feature",
   "properties": {
    "osm_id": 320014762,
    "waterway": "stream",
    "name": "",
    "name_en": "",
    "tunnel": "culvert",
    "intermittent": ""
   },
   "geometry": {
    "type": "LineString",
    "coordinates": [
     [
      79.09316,
      21.109652
     ],
     [
      79.093255,
      21.109559
     ]
    ]
   }
  },
  {
   "type": "Feature",
   "properties": {
    "osm_id": 320014764,
    "waterway": "drain",
    "name": "",
    "name_en": "",
    "tunnel": "culvert",
    "intermittent": ""
   },
   "geometry": {
    "type": "LineString",
    "coordinates": [
     [
      79.101192,
      21.114802
     ],
     [
      79.101156,
      21.114872
     ]
    ]
   }
  },
  {
   "type": "Feature",
   "properties": {
    "osm_id": 320014766,
    "waterway": "drain",
    "name": "",
    "name_en": "",
    "tunnel": "culvert",
    "intermittent": ""
   },
   "geometry": {
    "type": "LineString",
    "coordinates": [
     [
      79.100863,
      21.115249
     ],
     [
      79.10078,
      21.115285
     ]
    ]
   }
  },
  {
   "type": "Feature",
   "properties": {
    "osm_id": 320014768,
    "waterway": "drain",
    "name": "",
    "name_en": "",
    "tunnel": "culvert",
    "intermittent": ""
   },
   "geometry": {
    "type": "LineString",
    "coordinates": [
     [
      79.100415,
      21.110968
     ],
     [
      79.100434,
      21.111079
     ]
    ]
   }
  },
  {
   "type": "Feature",
   "properties": {
    "osm_id": 320014770,
    "waterway": "drain",
    "name": "",
    "name_en": "",
    "tunnel": "",
    "intermittent": ""
   },
   "geometry": {
    "type": "LineString",
    "coordinates": [
     [
      79.100434,
      21.111079
     ],
     [
      79.100433,
      21.111186
     ]
    ]
   }
  },
  {
   "type": "Feature",
   "properties": {
    "osm_id": 320014772,
    "waterway": "stream",
    "name": "",
    "name_en": "",
    "tunnel": "culvert",
    "intermittent": ""
   },
   "geometry": {
    "type": "LineString",
    "coordinates": [
     [
      79.094511,
      21.107484
     ],
     [
      79.094731,
      21.107311
     ]
    ]
   }
  },
  {
   "type": "Feature",
   "properties": {
    "osm_id": 320014774,
    "waterway": "drain",
    "name": "",
    "name_en": "",
    "tunnel": "culvert",
    "intermittent": ""
   },
   "geometry": {
    "type": "LineString",
    "coordinates": [
     [
      79.10044,
      21.108554
     ],
     [
      79.100359,
      21.108643
     ]
    ]
   }
  },
  {
   "type": "Feature",
   "properties": {
    "osm_id": 320014776,
    "waterway": "stream",
    "name": "",
    "name_en": "",
    "tunnel": "",
    "intermittent": ""
   },
   "geometry": {
    "type": "LineString",
    "coordinates": [
     [
      79.095852,
      21.106562
     ],
     [
      79.09595,
      21.106507
     ]
    ]
   }
  },
  {
   "type": "Feature",
   "properties": {
    "osm_id": 320014777,
    "waterway": "stream",
    "name": "",
    "name_en": "",
    "tunnel": "culvert",
    "intermittent": ""
   },
   "geometry": {
    "type": "LineString",
    "coordinates": [
     [
      79.092786,
      21.110246
     ],
     [
      79.092858,
      21.110174
     ]
    ]
   }
  },
  {
   "type": "Feature",
   "properties": {
    "osm_id": 320014779,
    "waterway": "drain",
    "name": "",
    "name_en": "",
    "tunnel": "culvert",
    "intermittent": ""
   },
   "geometry": {
    "type": "LineString",
    "coordinates": [
     [
      79.101131,
      21.113865
     ],
     [
      79.10114,
      21.113946
     ]
    ]
   }
  },
  {
   "type": "Feature",
   "properties": {
    "osm_id": 320014781,
    "waterway": "drain",
    "name": "",
    "name_en": "",
    "tunnel": "culvert",
    "intermittent": ""
   },
   "geometry": {
    "type": "LineString",
    "coordinates": [
     [
      79.10128,
      21.105125
     ],
     [
      79.101086,
      21.105363
     ]
    ]
   }
  },
  {
   "type": "Feature",
   "properties": {
    "osm_id": 320014784,
    "waterway": "drain",
    "name": "",
    "name_en": "",
    "tunnel": "culvert",
    "intermittent": ""
   },
   "geometry": {
    "type": "LineString",
    "coordinates": [
     [
      79.1006,
      21.116593
     ],
     [
      79.100559,
      21.116701
     ]
    ]
   }
  },
  {
   "type": "Feature",
   "properties": {
    "osm_id": 320014786,
    "waterway": "drain",
    "name": "",
    "name_en": "",
    "tunnel": "culvert",
    "intermittent": ""
   },
   "geometry": {
    "type": "LineString",
    "coordinates": [
     [
      79.099734,
      21.117793
     ],
     [
      79.099647,
      21.117846
     ]
    ]
   }
  },
  {
   "type": "Feature",
   "properties": {
    "osm_id": 320014788,
    "waterway": "drain",
    "name": "",
    "name_en": "",
    "tunnel": "culvert",
    "intermittent": ""
   },
   "geometry": {
    "type": "LineString",
    "coordinates": [
     [
      79.100574,
      21.107756
     ],
     [
      79.100559,
      21.107838
     ]
    ]
   }
  },
  {
   "type": "Feature",
   "properties": {
    "osm_id": 320014790,
    "waterway": "stream",
    "name": "",
    "name_en": "",
    "tunnel": "culvert",
    "intermittent": ""
   },
   "geometry": {
    "type": "LineString",
    "coordinates": [
     [
      79.092109,
      21.110857
     ],
     [
      79.092119,
      21.11076
     ]
    ]
   }
  },
  {
   "type": "Feature",
   "properties": {
    "osm_id": 320014792,
    "waterway": "stream",
    "name": "",
    "name_en": "",
    "tunnel": "culvert",
    "intermittent": ""
   },
   "geometry": {
    "type": "LineString",
    "coordinates": [
     [
      79.094109,
      21.108321
     ],
     [
      79.094179,
      21.10826
     ]
    ]
   }
  },
  {
   "type": "Feature",
   "properties": {
    "osm_id": 320014794,
    "waterway": "drain",
    "name": "",
    "name_en": "",
    "tunnel": "",
    "intermittent": ""
   },
   "geometry": {
    "type": "LineString",
    "coordinates": [
     [
      79.099647,
      21.117846
     ],
     [
      79.099527,
      21.117922
     ],
     [
      79.099379,
      21.118064
     ],
     [
      79.099352,
      21.118086
     ],
     [
      79.099272,
      21.118149
     ],
     [
      79.099157,
      21.118257
     ],
     [
      79.099173,
      21.118377
     ],
     [
      79.099173,
      21.118457
     ],
     [
      79.099162,
      21.118505
     ],
     [
      79.099087,
      21.118725
     ],
     [
      79.099071,
      21.118885
     ],
     [
      79.099105,
      21.11897
     ],
     [
      79.099103,
      21.11904
     ],
     [
      79.099097,
      21.119075
     ],
     [
      79.099081,
      21.119255
     ],
     [
      79.098966,
      21.119403
     ],
     [
      79.098967,
      21.119417
     ]
    ]
   }
  },
  {
   "type": "Feature",
   "properties": {
    "osm_id": 320014797,
    "waterway": "drain",
    "name": "",
    "name_en": "",
    "tunnel": "",
    "intermittent": ""
   },
   "geometry": {
    "type": "LineString",
    "coordinates": [
     [
      79.100559,
      21.107838
     ],
     [
      79.100613,
      21.108048
     ],
     [
      79.100681,
      21.108251
     ],
     [
      79.100629,
      21.108373
     ],
     [
      79.10044,
      21.108554
     ]
    ]
   }
  },
  {
   "type": "Feature",
   "properties": {
    "osm_id": 320014799,
    "waterway": "stream",
    "name": "",
    "name_en": "",
    "tunnel": "",
    "intermittent": ""
   },
   "geometry": {
    "type": "LineString",
    "coordinates": [
     [
      79.092858,
      21.110174
     ],
     [
      79.092928,
      21.110082
     ],
     [
      79.093,
      21.109968
     ],
     [
      79.093067,
      21.109795
     ],
     [
      79.09316,
      21.109652
     ]
    ]
   }
  },
  {
   "type": "Feature",
   "properties": {
    "osm_id": 320014801,
    "waterway": "stream",
    "name": "",
    "name_en": "",
    "tunnel": "",
    "intermittent": ""
   },
   "geometry": {
    "type": "LineString",
    "coordinates": [
     [
      79.094731,
      21.107311
     ],
     [
      79.09505,
      21.107088
     ],
     [
      79.095468,
      21.106764
     ],
     [
      79.095579,
      21.106688
     ],
     [
      79.095852,
      21.106562
     ]
    ]
   }
  },
  {
   "type": "Feature",
   "properties": {
    "osm_id": 320014803,
    "waterway": "stream",
    "name": "",
    "name_en": "",
    "tunnel": "",
    "intermittent": ""
   },
   "geometry": {
    "type": "LineString",
    "coordinates": [
     [
      79.094179,
      21.10826
     ],
     [
      79.094307,
      21.108151
     ],
     [
      79.094433,
      21.107958
     ],
     [
      79.094471,
      21.107831
     ],
     [
      79.094484,
      21.107679
     ],
     [
      79.094511,
      21.107484
     ]
    ]
   }
  },
  {
   "type": "Feature",
   "properties": {
    "osm_id": 320014805,
    "waterway": "stream",
    "name": "",
    "name_en": "",
    "tunnel": "",
    "intermittent": ""
   },
   "geometry": {
    "type": "LineString",
    "coordinates": [
     [
      79.092119,
      21.11076
     ],
     [
      79.092102,
      21.110645
     ],
     [
      79.092144,
      21.110578
     ],
     [
      79.09238,
      21.110543
     ],
     [
      79.092485,
      21.110511
     ],
     [
      79.092786,
      21.110246
     ]
    ]
   }
  },
  {
   "type": "Feature",
   "properties": {
    "osm_id": 320014807,
    "waterway": "stream",
    "name": "",
    "name_en": "",
    "tunnel": "",
    "intermittent": ""
   },
   "geometry": {
    "type": "LineString",
    "coordinates": [
     [
      79.093255,
      21.109559
     ],
     [
      79.093441,
      21.109345
     ],
     [
      79.093569,
      21.109167
     ],
     [
      79.093889,
      21.108655
     ],
     [
      79.09405,
      21.108371
     ],
     [
      79.094109,
      21.108321
     ]
    ]
   }
  },
  {
   "type": "Feature",
   "properties": {
    "osm_id": 320014809,
    "waterway": "drain",
    "name": "",
    "name_en": "",
    "tunnel": "",
    "intermittent": ""
   },
   "geometry": {
    "type": "LineString",
    "coordinates": [
     [
      79.10114,
      21.113946
     ],
     [
      79.101147,
      21.113993
     ],
     [
      79.101192,
      21.114113
     ],
     [
      79.101214,
      21.114238
     ],
     [
      79.101227,
      21.114464
     ],
     [
      79.101232,
      21.114711
     ],
     [
      79.101192,
      21.114802
     ]
    ]
   }
  },
  {
   "type": "Feature",
   "properties": {
    "osm_id": 320014811,
    "waterway": "drain",
    "name": "",
    "name_en": "",
    "tunnel": "",
    "intermittent": ""
   },
   "geometry": {
    "type": "LineString",
    "coordinates": [
     [
      79.101156,
      21.114872
     ],
     [
      79.101138,
      21.114911
     ],
     [
      79.101096,
      21.115023
     ],
     [
      79.101062,
      21.115116
     ],
     [
      79.101067,
      21.115141
     ],
     [
      79.10112,
      21.115207
     ],
     [
      79.101353,
      21.115385
     ]
    ]
   }
  },
  {
   "type": "Feature",
   "properties": {
    "osm_id": 320016410,
    "waterway": "stream",
    "name": "",
    "name_en": "",
    "tunnel": "culvert",
    "intermittent": ""
   },
   "geometry": {
    "type": "LineString",
    "coordinates": [
     [
      79.061271,
      21.14462
     ],
     [
      79.061559,
      21.144551
     ]
    ]
   }
  },
  {
   "type": "Feature",
   "properties": {
    "osm_id": 320016411,
    "waterway": "stream",
    "name": "",
    "name_en": "",
    "tunnel": "culvert",
    "intermittent": ""
   },
   "geometry": {
    "type": "LineString",
    "coordinates": [
     [
      79.064721,
      21.143167
     ],
     [
      79.064898,
      21.143176
     ]
    ]
   }
  },
  {
   "type": "Feature",
   "properties": {
    "osm_id": 320016412,
    "waterway": "stream",
    "name": "",
    "name_en": "",
    "tunnel": "",
    "intermittent": ""
   },
   "geometry": {
    "type": "LineString",
    "coordinates": [
     [
      79.061559,
      21.144551
     ],
     [
      79.06197,
      21.144445
     ],
     [
      79.062719,
      21.144059
     ],
     [
      79.063288,
      21.143649
     ],
     [
      79.063857,
      21.143131
     ],
     [
      79.064296,
      21.143119
     ],
     [
      79.064721,
      21.143167
     ]
    ]
   }
  },
  {
   "type": "Feature",
   "properties": {
    "osm_id": 320016413,
    "waterway": "stream",
    "name": "",
    "name_en": "",
    "tunnel": "",
    "intermittent": ""
   },
   "geometry": {
    "type": "LineString",
    "coordinates": [
     [
      79.064898,
      21.143176
     ],
     [
      79.065227,
      21.143444
     ],
     [
      79.065575,
      21.143721
     ],
     [
      79.065976,
      21.143806
     ],
     [
      79.066196,
      21.143866
     ],
     [
      79.066519,
      21.144481
     ],
     [
      79.066765,
      21.144794
     ],
     [
      79.067204,
      21.144891
     ]
    ]
   }
  },
  {
   "type": "Feature",
   "properties": {
    "osm_id": 371861442,
    "waterway": "drain",
    "name": "",
    "name_en": "",
    "tunnel": "culvert",
    "intermittent": ""
   },
   "geometry": {
    "type": "LineString",
    "coordinates": [
     [
      79.077823,
      21.19591
     ],
     [
      79.078452,
      21.195941
     ]
    ]
   }
  },
  {
   "type": "Feature",
   "properties": {
    "osm_id": 371861443,
    "waterway": "drain",
    "name": "",
    "name_en": "",
    "tunnel": "",
    "intermittent": ""
   },
   "geometry": {
    "type": "LineString",
    "coordinates": [
     [
      79.078452,
      21.195941
     ],
     [
      79.078724,
      21.196022
     ],
     [
      79.079831,
      21.196067
     ],
     [
      79.080064,
      21.196025
     ],
     [
      79.080109,
      21.196077
     ],
     [
      79.080148,
      21.196194
     ],
     [
      79.080294,
      21.196191
     ],
     [
      79.080595,
      21.196104
     ]
    ]
   }
  },
  {
   "type": "Feature",
   "properties": {
    "osm_id": 372145569,
    "waterway": "drain",
    "name": "",
    "name_en": "",
    "tunnel": "",
    "intermittent": ""
   },
   "geometry": {
    "type": "LineString",
    "coordinates": [
     [
      79.046213,
      21.177399
     ],
     [
      79.046379,
      21.177334
     ]
    ]
   }
  },
  {
   "type": "Feature",
   "properties": {
    "osm_id": 372145570,
    "waterway": "drain",
    "name": "",
    "name_en": "",
    "tunnel": "",
    "intermittent": ""
   },
   "geometry": {
    "type": "LineString",
    "coordinates": [
     [
      79.046379,
      21.177334
     ],
     [
      79.046314,
      21.177159
     ],
     [
      79.04625,
      21.177039
     ],
     [
      79.046336,
      21.176829
     ],
     [
      79.046363,
      21.176614
     ],
     [
      79.046368,
      21.176514
     ],
     [
      79.046384,
      21.176394
     ],
     [
      79.046341,
      21.176289
     ],
     [
      79.046438,
      21.176199
     ],
     [
      79.046535,
      21.176109
     ],
     [
      79.04662,
      21.176023
     ],
     [
      79.046658,
      21.175938
     ],
     [
      79.046658,
      21.175868
     ],
     [
      79.046658,
      21.175793
     ],
     [
      79.046652,
      21.175653
     ],
     [
      79.046636,
      21.175518
     ],
     [
      79.046642,
      21.175403
     ],
     [
      79.046642,
      21.175303
     ],
     [
      79.046642,
      21.175238
     ],
     [
      79.04662,
      21.175098
     ],
     [
      79.046604,
      21.175048
     ],
     [
      79.04662,
      21.174978
     ],
     [
      79.047377,
      21.174388
     ],
     [
      79.047452,
      21.174273
     ],
     [
      79.047462,
      21.174213
     ]
    ]
   }
  },
  {
   "type": "Feature",
   "properties": {
    "osm_id": 372290664,
    "waterway": "river",
    "name": "",
    "name_en": "",
    "tunnel": "",
    "intermittent": ""
   },
   "geometry": {
    "type": "LineString",
    "coordinates": [
     [
      79.187877,
      21.215723
     ],
     [
      79.187794,
      21.216035
     ]
    ]
   }
  },
  {
   "type": "Feature",
   "properties": {
    "osm_id": 372290665,
    "waterway": "river",
    "name": "",
    "name_en": "",
    "tunnel": "",
    "intermittent": ""
   },
   "geometry": {
    "type": "LineString",
    "coordinates": [
     [
      79.187794,
      21.216035
     ],
     [
      79.187528,
      21.216378
     ],
     [
      79.187544,
      21.216543
     ],
     [
      79.187463,
      21.217296
     ],
     [
      79.18731,
      21.217606
     ],
     [
      79.187414,
      21.2178
     ],
     [
      79.187645,
      21.218042
     ],
     [
      79.188157,
      21.218348
     ],
     [
      79.18837,
      21.218636
     ],
     [
      79.188583,
      21.218757
     ],
     [
      79.18864,
      21.219055
     ],
     [
      79.188762,
      21.219164
     ],
     [
      79.188881,
      21.219516
     ],
     [
      79.189022,
      21.21968
     ],
     [
      79.18944,
      21.219913
     ],
     [
      79.189615,
      21.220182
     ],
     [
      79.189772,
      21.220273
     ],
     [
      79.189955,
      21.220306
     ],
     [
      79.190362,
      21.220517
     ],
     [
      79.190635,
      21.220544
     ],
     [
      79.19131,
      21.220834
     ],
     [
      79.191549,
      21.221034
     ]
    ]
   }
  },
  {
   "type": "Feature",
   "properties": {
    "osm_id": 372432716,
    "waterway": "stream",
    "name": "",
    "name_en": "",
    "tunnel": "",
    "intermittent": ""
   },
   "geometry": {
    "type": "LineString",
    "coordinates": [
     [
      79.13539,
      21.098671
     ],
     [
      79.135655,
      21.09839
     ],
     [
      79.135765,
      21.098177
     ],
     [
      79.136161,
      21.097383
     ],
     [
      79.136768,
      21.097131
     ],
     [
      79.137577,
      21.09647
     ],
     [
      79.137912,
      21.095995
     ],
     [
      79.138196,
      21.095733
     ],
     [
      79.138303,
      21.095686
     ],
     [
      79.138662,
      21.095648
     ],
     [
      79.13888,
      21.095645
     ],
     [
      79.139157,
      21.09559
     ],
     [
      79.139414,
      21.095533
     ],
     [
      79.13964,
      21.095336
     ],
     [
      79.139787,
      21.095054
     ],
     [
      79.140023,
      21.094928
     ],
     [
      79.140411,
      21.094928
     ],
     [
      79.140813,
      21.094822
     ],
     [
      79.141107,
      21.094664
     ],
     [
      79.141237,
      21.094526
     ],
     [
      79.141305,
      21.094412
     ],
     [
      79.141246,
      21.094214
     ],
     [
      79.141043,
      21.09403
     ],
     [
      79.140883,
      21.093685
     ],
     [
      79.140917,
      21.093323
     ],
     [
      79.141203,
      21.09315
     ],
     [
      79.141608,
      21.092725
     ],
     [
      79.141844,
      21.092615
     ],
     [
      79.141674,
      21.092392
     ],
     [
      79.141496,
      21.092103
     ],
     [
      79.141674,
      21.09197
     ],
     [
      79.141961,
      21.091981
     ],
     [
      79.142199,
      21.092059
     ],
     [
      79.142414,
      21.091803
     ],
     [
      79.142557,
      21.091391
     ],
     [
      79.142855,
      21.091024
     ],
     [
      79.143833,
      21.090423
     ],
     [
      79.143928,
      21.090034
     ],
     [
      79.144119,
      21.089366
     ],
     [
      79.144286,
      21.089054
     ],
     [
      79.144322,
      21.08881
     ],
     [
      79.144131,
      21.088676
     ],
     [
      79.143905,
      21.088576
     ],
     [
      79.143905,
      21.088376
     ],
     [
      79.144071,
      21.088353
     ],
     [
      79.14437,
      21.088331
     ],
     [
      79.144632,
      21.088264
     ],
     [
      79.144841,
      21.088056
     ],
     [
      79.144852,
      21.087822
     ],
     [
      79.144656,
      21.087739
     ],
     [
      79.144357,
      21.087727
     ],
     [
      79.144256,
      21.087616
     ],
     [
      79.144161,
      21.087594
     ],
     [
      79.143958,
      21.087705
     ],
     [
      79.143767,
      21.088
     ],
     [
      79.143529,
      21.088056
     ],
     [
      79.143087,
      21.087922
     ],
     [
      79.143189,
      21.087694
     ],
     [
      79.143308,
      21.087516
     ],
     [
      79.143523,
      21.087299
     ],
     [
      79.143582,
      21.087138
     ],
     [
      79.143585,
      21.086631
     ],
     [
      79.14355,
      21.086456
     ]
    ]
   }
  },
  {
   "type": "Feature",
   "properties": {
    "osm_id": 372432831,
    "waterway": "stream",
    "name": "",
    "name_en": "",
    "tunnel": "",
    "intermittent": ""
   },
   "geometry": {
    "type": "LineString",
    "coordinates": [
     [
      79.096594,
      21.08882
     ],
     [
      79.096773,
      21.088861
     ],
     [
      79.096937,
      21.08897
     ],
     [
      79.09704,
      21.089037
     ],
     [
      79.097165,
      21.089133
     ],
     [
      79.097265,
      21.089197
     ],
     [
      79.09739,
      21.089213
     ],
     [
      79.097533,
      21.089182
     ],
     [
      79.098211,
      21.088736
     ],
     [
      79.098684,
      21.088468
     ],
     [
      79.098641,
      21.088288
     ],
     [
      79.09919,
      21.087849
     ],
     [
      79.099314,
      21.087657
     ],
     [
      79.099495,
      21.087589
     ],
     [
      79.099713,
      21.087695
     ],
     [
      79.100185,
      21.087555
     ],
     [
      79.100486,
      21.087295
     ],
     [
      79.101044,
      21.087195
     ],
     [
      79.101688,
      21.087195
     ],
     [
      79.102331,
      21.087515
     ],
     [
      79.102566,
      21.087752
     ],
     [
      79.102516,
      21.088174
     ],
     [
      79.10269,
      21.088724
     ],
     [
      79.103358,
      21.088947
     ],
     [
      79.103644,
      21.088413
     ],
     [
      79.105219,
      21.088234
     ],
     [
      79.106602,
      21.087834
     ],
     [
      79.10684,
      21.0873
     ],
     [
      79.107699,
      21.086053
     ],
     [
      79.107469,
      21.085589
     ],
     [
      79.108137,
      21.08521
     ],
     [
      79.108543,
      21.084743
     ],
     [
      79.108805,
      21.084832
     ],
     [
      79.109592,
      21.085322
     ],
     [
      79.110522,
      21.085099
     ],
     [
      79.110833,
      21.085567
     ],
     [
      79.111381,
      21.086279
     ],
     [
      79.112168,
      21.085856
     ],
     [
      79.113122,
      21.086012
     ],
     [
      79.114267,
      21.085945
     ],
     [
      79.11472,
      21.085567
     ],
     [
      79.11565,
      21.085745
     ],
     [
      79.116128,
      21.086346
     ],
     [
      79.116557,
      21.087481
     ],
     [
      79.11732,
      21.088104
     ],
     [
      79.118179,
      21.08817
     ],
     [
      79.119347,
      21.087147
     ],
     [
      79.120015,
      21.086457
     ],
     [
      79.121041,
      21.085878
     ],
     [
      79.121995,
      21.085834
     ],
     [
      79.122901,
      21.085767
     ],
     [
      79.124106,
      21.085143
     ]
    ]
   }
  },
  {
   "type": "Feature",
   "properties": {
    "osm_id": 372646921,
    "waterway": "stream",
    "name": "",
    "name_en": "",
    "tunnel": "yes",
    "intermittent": ""
   },
   "geometry": {
    "type": "LineString",
    "coordinates": [
     [
      79.075993,
      21.1099
     ],
     [
      79.076346,
      21.109753
     ]
    ]
   }
  },
  {
   "type": "Feature",
   "properties": {
    "osm_id": 372646922,
    "waterway": "stream",
    "name": "",
    "name_en": "",
    "tunnel": "",
    "intermittent": ""
   },
   "geometry": {
    "type": "LineString",
    "coordinates": [
     [
      79.076346,
      21.109753
     ],
     [
      79.076907,
      21.109465
     ],
     [
      79.077701,
      21.109037
     ],
     [
      79.079565,
      21.108065
     ]
    ]
   }
  },
  {
   "type": "Feature",
   "properties": {
    "osm_id": 386911284,
    "waterway": "stream",
    "name": "",
    "name_en": "",
    "tunnel": "",
    "intermittent": "yes"
   },
   "geometry": {
    "type": "LineString",
    "coordinates": [
     [
      78.995251,
      21.19616
     ],
     [
      78.995385,
      21.196227
     ],
     [
      78.995538,
      21.196245
     ],
     [
      78.995744,
      21.196217
     ],
     [
      78.995903,
      21.19618
     ],
     [
      78.996026,
      21.196135
     ],
     [
      78.996166,
      21.196185
     ],
     [
      78.996275,
      21.196335
     ],
     [
      78.996348,
      21.196457
     ],
     [
      78.996522,
      21.196525
     ],
     [
      78.996769,
      21.196617
     ],
     [
      78.997008,
      21.196738
     ],
     [
      78.997147,
      21.19683
     ],
     [
      78.997257,
      21.196875
     ],
     [
      78.997394,
      21.196838
     ],
     [
      78.997638,
      21.1969
     ],
     [
      78.997794,
      21.196967
     ],
     [
      78.997837,
      21.19692
     ],
     [
      78.997861,
      21.196822
     ],
     [
      78.997893,
      21.196742
     ],
     [
      78.998006,
      21.19673
     ],
     [
      78.998182,
      21.196797
     ],
     [
      78.998341,
      21.196918
     ],
     [
      78.998443,
      21.19701
     ],
     [
      78.99852,
      21.197085
     ],
     [
      78.998574,
      21.197173
     ],
     [
      78.998786,
      21.197388
     ],
     [
      78.998917,
      21.197488
     ],
     [
      78.999043,
      21.19752
     ],
     [
      78.99907,
      21.19762
     ],
     [
      78.999068,
      21.197753
     ],
     [
      78.999148,
      21.197885
     ],
     [
      78.999253,
      21.198003
     ],
     [
      78.99933,
      21.198088
     ],
     [
      78.999467,
      21.19822
     ],
     [
      78.999588,
      21.198353
     ],
     [
      78.999682,
      21.198425
     ],
     [
      78.999985,
      21.198528
     ],
     [
      79.000162,
      21.19864
     ],
     [
      79.000261,
      21.198676
     ],
     [
      79.000334,
      21.198673
     ],
     [
      79.000436,
      21.198691
     ],
     [
      79.000527,
      21.198648
     ],
     [
      79.000583,
      21.198593
     ],
     [
      79.000768,
      21.198638
     ],
     [
      79.000902,
      21.198683
     ],
     [
      79.000988,
      21.19868
     ],
     [
      79.001111,
      21.198658
     ],
     [
      79.001227,
      21.198613
     ],
     [
      79.001364,
      21.19858
     ],
     [
      79.001479,
      21.198563
     ],
     [
      79.00171,
      21.198605
     ],
     [
      79.001779,
      21.198583
     ],
     [
      79.001865,
      21.198546
     ],
     [
      79.001959,
      21.198453
     ],
     [
      79.002039,
      21.198345
     ],
     [
      79.002104,
      21.1983
     ],
     [
      79.002217,
      21.198298
     ],
     [
      79.002447,
      21.198398
     ],
     [
      79.002681,
      21.198511
     ],
     [
      79.00285,
      21.19858
     ],
     [
      79.002935,
      21.198588
     ],
     [
      79.003005,
      21.198566
     ],
     [
      79.00308,
      21.198541
     ],
     [
      79.003247,
      21.198598
     ],
     [
      79.003365,
      21.198701
     ],
     [
      79.003493,
      21.198785
     ],
     [
      79.003512,
      21.198913
     ],
     [
      79.003678,
      21.199028
     ],
     [
      79.003796,
      21.199046
     ],
     [
      79.00396,
      21.199101
     ],
     [
      79.004156,
      21.199263
     ],
     [
      79.004266,
      21.199386
     ],
     [
      79.00444,
      21.199568
     ],
     [
      79.004596,
      21.199713
     ],
     [
      79.004789,
      21.199863
     ],
     [
      79.004998,
      21.200028
     ],
     [
      79.005068,
      21.200001
     ],
     [
      79.005159,
      21.199931
     ],
     [
      79.005307,
      21.199916
     ],
     [
      79.005483,
      21.199983
     ],
     [
      79.005615,
      21.200001
     ],
     [
      79.005741,
      21.200066
     ],
     [
      79.005862,
      21.200026
     ],
     [
      79.005929,
      21.199951
     ],
     [
      79.005969,
      21.199856
     ],
     [
      79.006055,
      21.199801
     ],
     [
      79.006229,
      21.199816
     ],
     [
      79.006433,
      21.199878
     ],
     [
      79.00664,
      21.199938
     ],
     [
      79.006784,
      21.200038
     ],
     [
      79.00686,
      21.200166
     ],
     [
      79.006953,
      21.200249
     ],
     [
      79.007036,
      21.200263
     ],
     [
      79.007093,
      21.200316
     ],
     [
      79.007087,
      21.200391
     ],
     [
      79.007058,
      21.200453
     ],
     [
      79.006988,
      21.200519
     ],
     [
      79.006985,
      21.200558
     ],
     [
      79.007128,
      21.200766
     ],
     [
      79.007216,
      21.200856
     ],
     [
      79.007291,
      21.200884
     ],
     [
      79.007372,
      21.200931
     ],
     [
      79.00749,
      21.200889
     ],
     [
      79.00761,
      21.200899
     ],
     [
      79.007766,
      21.200946
     ],
     [
      79.008136,
      21.200996
     ],
     [
      79.00823,
      21.201026
     ],
     [
      79.008466,
      21.201146
     ],
     [
      79.008573,
      21.201231
     ],
     [
      79.008748,
      21.201334
     ],
     [
      79.00896,
      21.201429
     ],
     [
      79.009121,
      21.201464
     ],
     [
      79.009308,
      21.201436
     ],
     [
      79.009542,
      21.201344
     ],
     [
      79.009751,
      21.201254
     ],
     [
      79.010108,
      21.201071
     ],
     [
      79.010293,
      21.201091
     ],
     [
      79.010513,
      21.201156
     ],
     [
      79.010845,
      21.201259
     ],
     [
      79.011108,
      21.201424
     ],
     [
      79.011323,
      21.201529
     ],
     [
      79.011492,
      21.201591
     ],
     [
      79.011671,
      21.201616
     ],
     [
      79.011872,
      21.201634
     ],
     [
      79.012023,
      21.201691
     ],
     [
      79.012162,
      21.201699
     ],
     [
      79.012283,
      21.201661
     ],
     [
      79.012374,
      21.201629
     ],
     [
      79.012439,
      21.201634
     ],
     [
      79.012573,
      21.201556
     ],
     [
      79.012704,
      21.201526
     ],
     [
      79.012849,
      21.201596
     ],
     [
      79.013055,
      21.201766
     ],
     [
      79.013128,
      21.201929
     ],
     [
      79.01335,
      21.202327
     ],
     [
      79.013404,
      21.202457
     ],
     [
      79.013409,
      21.202569
     ],
     [
      79.013503,
      21.202654
     ],
     [
      79.013536,
      21.202774
     ],
     [
      79.013474,
      21.202919
     ],
     [
      79.013565,
      21.203087
     ],
     [
      79.01379,
      21.203307
     ],
     [
      79.01393,
      21.203444
     ],
     [
      79.014034,
      21.203559
     ],
     [
      79.014117,
      21.203692
     ],
     [
      79.014209,
      21.203807
     ]
    ]
   }
  },
  {
   "type": "Feature",
   "properties": {
    "osm_id": 398499450,
    "waterway": "stream",
    "name": "",
    "name_en": "",
    "tunnel": "",
    "intermittent": ""
   },
   "geometry": {
    "type": "LineString",
    "coordinates": [
     [
      79.020791,
      21.166989
     ],
     [
      79.020858,
      21.167002
     ],
     [
      79.020914,
      21.167059
     ],
     [
      79.020955,
      21.167157
     ],
     [
      79.020978,
      21.167259
     ],
     [
      79.020992,
      21.167342
     ],
     [
      79.02107,
      21.167384
     ],
     [
      79.021172,
      21.167419
     ],
     [
      79.021241,
      21.167469
     ],
     [
      79.021293,
      21.167522
     ],
     [
      79.021384,
      21.167552
     ],
     [
      79.021499,
      21.167569
     ],
     [
      79.021631,
      21.167582
     ],
     [
      79.021815,
      21.167564
     ],
     [
      79.021992,
      21.167509
     ],
     [
      79.022143,
      21.167359
     ],
     [
      79.022185,
      21.167249
     ],
     [
      79.022266,
      21.167184
     ],
     [
      79.022384,
      21.167129
     ],
     [
      79.022572,
      21.167059
     ],
     [
      79.02273,
      21.166989
     ]
    ]
   }
  },
  {
   "type": "Feature",
   "properties": {
    "osm_id": 468703609,
    "waterway": "dam",
    "name": "",
    "name_en": "",
    "tunnel": "",
    "intermittent": ""
   },
   "geometry": {
    "type": "LineString",
    "coordinates": [
     [
      79.075166,
      21.029975
     ],
     [
      79.075135,
      21.029792
     ],
     [
      79.075122,
      21.029792
     ],
     [
      79.075155,
      21.02998
     ],
     [
      79.075166,
      21.029975
     ]
    ]
   }
  },
  {
   "type": "Feature",
   "properties": {
    "osm_id": 480910807,
    "waterway": "dam",
    "name": "",
    "name_en": "",
    "tunnel": "",
    "intermittent": ""
   },
   "geometry": {
    "type": "LineString",
    "coordinates": [
     [
      79.04283,
      21.124058
     ],
     [
      79.043205,
      21.12406
     ],
     [
      79.043509,
      21.12491
     ]
    ]
   }
  },
  {
   "type": "Feature",
   "properties": {
    "osm_id": 481076574,
    "waterway": "stream",
    "name": "",
    "name_en": "",
    "tunnel": "",
    "intermittent": "yes"
   },
   "geometry": {
    "type": "LineString",
    "coordinates": [
     [
      79.148811,
      21.147582
     ],
     [
      79.149126,
      21.147275
     ],
     [
      79.149504,
      21.146972
     ],
     [
      79.149714,
      21.146914
     ],
     [
      79.149762,
      21.146753
     ],
     [
      79.14992,
      21.146682
     ],
     [
      79.150135,
      21.146566
     ],
     [
      79.15024,
      21.146396
     ],
     [
      79.150709,
      21.146316
     ],
     [
      79.150919,
      21.146285
     ],
     [
      79.150919,
      21.146205
     ],
     [
      79.150847,
      21.145964
     ],
     [
      79.150924,
      21.14583
     ],
     [
      79.151029,
      21.145781
     ],
     [
      79.150804,
      21.145527
     ],
     [
      79.150646,
      21.14513
     ],
     [
      79.150498,
      21.14476
     ],
     [
      79.150407,
      21.144617
     ],
     [
      79.149968,
      21.144528
     ],
     [
      79.149528,
      21.143917
     ],
     [
      79.148691,
      21.143226
     ],
     [
      79.148649,
      21.143176
     ],
     [
      79.148366,
      21.142878
     ],
     [
      79.147701,
      21.14249
     ],
     [
      79.147476,
      21.142013
     ],
     [
      79.147319,
      21.141603
     ],
     [
      79.147123,
      21.141496
     ],
     [
      79.146984,
      21.141157
     ]
    ]
   }
  },
  {
   "type": "Feature",
   "properties": {
    "osm_id": 640870130,
    "waterway": "river",
    "name": "Pivli Nadi",
    "name_en": "",
    "tunnel": "culvert",
    "intermittent": ""
   },
   "geometry": {
    "type": "LineString",
    "coordinates": [
     [
      79.014552,
      21.161256
     ],
     [
      79.014766,
      21.161146
     ]
    ]
   }
  },
  {
   "type": "Feature",
   "properties": {
    "osm_id": 640870132,
    "waterway": "river",
    "name": "Pivli Nadi",
    "name_en": "",
    "tunnel": "",
    "intermittent": ""
   },
   "geometry": {
    "type": "LineString",
    "coordinates": [
     [
      79.012529,
      21.160856
     ],
     [
      79.012594,
      21.160836
     ],
     [
      79.012733,
      21.160826
     ],
     [
      79.012867,
      21.160816
     ],
     [
      79.013012,
      21.160826
     ],
     [
      79.013093,
      21.160861
     ],
     [
      79.013302,
      21.160901
     ],
     [
      79.013377,
      21.160886
     ],
     [
      79.013602,
      21.160921
     ],
     [
      79.013742,
      21.160981
     ],
     [
      79.01415,
      21.161051
     ],
     [
      79.014305,
      21.161136
     ],
     [
      79.014434,
      21.161221
     ],
     [
      79.014552,
      21.161256
     ]
    ]
   }
  },
  {
   "type": "Feature",
   "properties": {
    "osm_id": 662378257,
    "waterway": "stream",
    "name": "",
    "name_en": "",
    "tunnel": "",
    "intermittent": ""
   },
   "geometry": {
    "type": "LineString",
    "coordinates": [
     [
      79.147375,
      21.19503
     ],
     [
      79.147399,
      21.194733
     ],
     [
      79.147431,
      21.194428
     ],
     [
      79.147447,
      21.194183
     ],
     [
      79.147517,
      21.19398
     ],
     [
      79.147527,
      21.193722
     ],
     [
      79.147517,
      21.193317
     ],
     [
      79.147627,
      21.19306
     ],
     [
      79.147766,
      21.1927
     ],
     [
      79.147992,
      21.192045
     ],
     [
      79.148032,
      21.191779
     ],
     [
      79.14819,
      21.191464
     ],
     [
      79.148437,
      21.191002
     ],
     [
      79.148571,
      21.190666
     ],
     [
      79.148788,
      21.190211
     ],
     [
      79.148887,
      21.190106
     ],
     [
      79.149008,
      21.190044
     ],
     [
      79.14918,
      21.190086
     ],
     [
      79.1493,
      21.190034
     ],
     [
      79.14933,
      21.189964
     ],
     [
      79.149316,
      21.189881
     ],
     [
      79.149247,
      21.189839
     ],
     [
      79.149284,
      21.189769
     ],
     [
      79.149394,
      21.189759
     ],
     [
      79.149418,
      21.189684
     ],
     [
      79.149319,
      21.189581
     ],
     [
      79.149343,
      21.189434
     ],
     [
      79.149394,
      21.189346
     ],
     [
      79.149427,
      21.189136
     ],
     [
      79.149587,
      21.188898
     ],
     [
      79.1497,
      21.188661
     ],
     [
      79.150041,
      21.188568
     ],
     [
      79.1504,
      21.188578
     ],
     [
      79.150642,
      21.188398
     ],
     [
      79.151012,
      21.188228
     ],
     [
      79.15113,
      21.187908
     ],
     [
      79.1512,
      21.187678
     ],
     [
      79.151183,
      21.187478
     ],
     [
      79.151146,
      21.187378
     ],
     [
      79.151291,
      21.187268
     ],
     [
      79.151473,
      21.187093
     ],
     [
      79.151559,
      21.186958
     ],
     [
      79.151481,
      21.186829
     ],
     [
      79.151436,
      21.186753
     ],
     [
      79.151355,
      21.186528
     ],
     [
      79.151189,
      21.186308
     ],
     [
      79.15114,
      21.186082
     ],
     [
      79.151156,
      21.185897
     ],
     [
      79.1512,
      21.185697
     ],
     [
      79.151156,
      21.185492
     ],
     [
      79.151124,
      21.185227
     ],
     [
      79.151076,
      21.185127
     ],
     [
      79.150882,
      21.185107
     ]
    ]
   }
  },
  {
   "type": "Feature",
   "properties": {
    "osm_id": 662378258,
    "waterway": "stream",
    "name": "",
    "name_en": "",
    "tunnel": "",
    "intermittent": ""
   },
   "geometry": {
    "type": "LineString",
    "coordinates": [
     [
      79.13567,
      21.19404
     ],
     [
      79.135777,
      21.193838
     ],
     [
      79.135809,
      21.193777
     ],
     [
      79.135884,
      21.193593
     ],
     [
      79.135908,
      21.193427
     ],
     [
      79.1359,
      21.193222
     ],
     [
      79.135975,
      21.193032
     ],
     [
      79.136091,
      21.192842
     ],
     [
      79.136238,
      21.192672
     ],
     [
      79.136286,
      21.19263
     ],
     [
      79.136343,
      21.19269
     ],
     [
      79.136576,
      21.192617
     ],
     [
      79.136791,
      21.192525
     ],
     [
      79.137002,
      21.192487
     ],
     [
      79.137357,
      21.192375
     ],
     [
      79.1377,
      21.192184
     ],
     [
      79.137877,
      21.191972
     ],
     [
      79.138,
      21.191747
     ],
     [
      79.13807,
      21.191527
     ],
     [
      79.138073,
      21.191359
     ],
     [
      79.138159,
      21.191182
     ],
     [
      79.138301,
      21.191117
     ],
     [
      79.138555,
      21.191134
     ],
     [
      79.138824,
      21.191244
     ],
     [
      79.139036,
      21.191347
     ],
     [
      79.139156,
      21.191319
     ],
     [
      79.13924,
      21.191297
     ],
     [
      79.139374,
      21.191327
     ],
     [
      79.139543,
      21.191232
     ],
     [
      79.139674,
      21.191099
     ],
     [
      79.139797,
      21.190929
     ],
     [
      79.139942,
      21.190827
     ],
     [
      79.140098,
      21.190759
     ],
     [
      79.14028,
      21.190797
     ],
     [
      79.140484,
      21.190872
     ],
     [
      79.140632,
      21.191052
     ],
     [
      79.140774,
      21.191182
     ],
     [
      79.140959,
      21.191264
     ],
     [
      79.141214,
      21.191312
     ],
     [
      79.141289,
      21.1913
     ],
     [
      79.141474,
      21.191272
     ],
     [
      79.14179,
      21.191277
     ],
     [
      79.142077,
      21.191297
     ],
     [
      79.142268,
      21.191272
     ],
     [
      79.142415,
      21.191122
     ],
     [
      79.142504,
      21.190939
     ],
     [
      79.142547,
      21.190736
     ],
     [
      79.14259,
      21.190489
     ],
     [
      79.142708,
      21.190326
     ],
     [
      79.14293,
      21.190196
     ],
     [
      79.143115,
      21.190054
     ],
     [
      79.143239,
      21.189881
     ],
     [
      79.143443,
      21.189741
     ],
     [
      79.143641,
      21.189611
     ],
     [
      79.143778,
      21.189561
     ],
     [
      79.143837,
      21.189454
     ],
     [
      79.143829,
      21.189311
     ],
     [
      79.143882,
      21.189236
     ],
     [
      79.144073,
      21.189151
     ],
     [
      79.144371,
      21.189149
     ],
     [
      79.144553,
      21.189169
     ],
     [
      79.144872,
      21.189444
     ],
     [
      79.145135,
      21.189551
     ],
     [
      79.145451,
      21.189601
     ],
     [
      79.145528,
      21.189601
     ],
     [
      79.145698,
      21.189601
     ],
     [
      79.145948,
      21.189476
     ],
     [
      79.146071,
      21.189153
     ],
     [
      79.146162,
      21.188951
     ],
     [
      79.146259,
      21.188711
     ],
     [
      79.146259,
      21.188506
     ],
     [
      79.146178,
      21.188221
     ],
     [
      79.146052,
      21.187908
     ],
     [
      79.146044,
      21.187703
     ],
     [
      79.146042,
      21.18751
     ],
     [
      79.146135,
      21.187325
     ],
     [
      79.146261,
      21.187203
     ],
     [
      79.146339,
      21.18703
     ],
     [
      79.146318,
      21.18686
     ],
     [
      79.146216,
      21.186808
     ],
     [
      79.145889,
      21.18673
     ],
     [
      79.145862,
      21.186598
     ],
     [
      79.145843,
      21.18646
     ],
     [
      79.14591,
      21.186267
     ],
     [
      79.145948,
      21.186095
     ],
     [
      79.146055,
      21.185957
     ],
     [
      79.146339,
      21.185797
     ],
     [
      79.146669,
      21.185725
     ],
     [
      79.146994,
      21.1857
     ],
     [
      79.147283,
      21.185735
     ],
     [
      79.147493,
      21.18585
     ],
     [
      79.147638,
      21.186067
     ],
     [
      79.147925,
      21.186107
     ],
     [
      79.148142,
      21.185985
     ],
     [
      79.148241,
      21.185785
     ],
     [
      79.148177,
      21.185515
     ],
     [
      79.148152,
      21.185225
     ],
     [
      79.148372,
      21.184942
     ],
     [
      79.14845,
      21.184889
     ],
     [
      79.148689,
      21.184909
     ],
     [
      79.149005,
      21.185025
     ],
     [
      79.149271,
      21.185222
     ],
     [
      79.149295,
      21.185547
     ],
     [
      79.149325,
      21.185805
     ],
     [
      79.149563,
      21.18597
     ],
     [
      79.149807,
      21.185995
     ],
     [
      79.150068,
      21.18584
     ],
     [
      79.150446,
      21.185607
     ],
     [
      79.150719,
      21.185387
     ],
     [
      79.150883,
      21.185175
     ],
     [
      79.150882,
      21.185107
     ],
     [
      79.15088,
      21.184899
     ],
     [
      79.150907,
      21.184717
     ],
     [
      79.151202,
      21.184577
     ],
     [
      79.151835,
      21.184347
     ],
     [
      79.151924,
      21.184274
     ],
     [
      79.151967,
      21.183989
     ],
     [
      79.151977,
      21.183816
     ],
     [
      79.152417,
      21.183571
     ],
     [
      79.152642,
      21.183649
     ],
     [
      79.152927,
      21.183739
     ],
     [
      79.153112,
      21.183654
     ],
     [
      79.153276,
      21.183344
     ],
     [
      79.153292,
      21.183136
     ],
     [
      79.153394,
      21.183011
     ],
     [
      79.153766,
      21.182936
     ],
     [
      79.153935,
      21.182621
     ],
     [
      79.153998,
      21.182467
     ],
     [
      79.15397,
      21.182281
     ],
     [
      79.153925,
      21.182013
     ],
     [
      79.15397,
      21.181776
     ],
     [
      79.154153,
      21.181618
     ],
     [
      79.154394,
      21.181533
     ],
     [
      79.154587,
      21.181598
     ],
     [
      79.154882,
      21.181773
     ],
     [
      79.155048,
      21.182131
     ],
     [
      79.15536,
      21.182173
     ],
     [
      79.155614,
      21.182056
     ],
     [
      79.155759,
      21.181818
     ],
     [
      79.155864,
      21.181593
     ],
     [
      79.155968,
      21.181323
     ],
     [
      79.156086,
      21.181216
     ],
     [
      79.156304,
      21.181158
     ],
     [
      79.156561,
      21.181148
     ],
     [
      79.156687,
      21.181065
     ],
     [
      79.156693,
      21.180778
     ],
     [
      79.156567,
      21.18051
     ],
     [
      79.15651,
      21.180115
     ],
     [
      79.156631,
      21.1798
     ],
     [
      79.156687,
      21.179442
     ],
     [
      79.156811,
      21.179155
     ],
     [
      79.156934,
      21.178925
     ],
     [
      79.156993,
      21.17869
     ],
     [
      79.156923,
      21.178529
     ],
     [
      79.156717,
      21.178432
     ],
     [
      79.156368,
      21.178339
     ],
     [
      79.156129,
      21.178462
     ],
     [
      79.155936,
      21.178517
     ],
     [
      79.155606,
      21.178417
     ],
     [
      79.155448,
      21.178314
     ],
     [
      79.155298,
      21.178302
     ],
     [
      79.155022,
      21.178177
     ],
     [
      79.154928,
      21.178039
     ],
     [
      79.154895,
      21.177847
     ]
    ]
   }
  },
  {
   "type": "Feature",
   "properties": {
    "osm_id": 662378259,
    "waterway": "stream",
    "name": "",
    "name_en": "",
    "tunnel": "",
    "intermittent": ""
   },
   "geometry": {
    "type": "LineString",
    "coordinates": [
     [
      79.135839,
      21.194095
     ],
     [
      79.135864,
      21.194104
     ],
     [
      79.136367,
      21.194185
     ],
     [
      79.136662,
      21.19421
     ],
     [
      79.137027,
      21.194195
     ],
     [
      79.137166,
      21.194285
     ],
     [
      79.136984,
      21.194825
     ],
     [
      79.137021,
      21.195211
     ],
     [
      79.137059,
      21.195466
     ],
     [
      79.137,
      21.195621
     ],
     [
      79.136978,
      21.196066
     ],
     [
      79.13678,
      21.196261
     ],
     [
      79.136597,
      21.196316
     ],
     [
      79.136592,
      21.196456
     ],
     [
      79.136775,
      21.196536
     ],
     [
      79.136968,
      21.196701
     ],
     [
      79.137306,
      21.197016
     ],
     [
      79.137284,
      21.197156
     ],
     [
      79.137016,
      21.197161
     ],
     [
      79.136936,
      21.197296
     ],
     [
      79.137005,
      21.197446
     ],
     [
      79.137209,
      21.197416
     ],
     [
      79.137268,
      21.197501
     ],
     [
      79.137145,
      21.197676
     ],
     [
      79.137171,
      21.197881
     ],
     [
      79.137306,
      21.198031
     ],
     [
      79.137526,
      21.198176
     ],
     [
      79.137805,
      21.198351
     ],
     [
      79.13796,
      21.198461
     ],
     [
      79.138035,
      21.198681
     ],
     [
      79.138041,
      21.198877
     ],
     [
      79.137976,
      21.198962
     ],
     [
      79.137959,
      21.198986
     ]
    ]
   }
  },
  {
   "type": "Feature",
   "properties": {
    "osm_id": 664452933,
    "waterway": "canal",
    "name": "",
    "name_en": "",
    "tunnel": "",
    "intermittent": ""
   },
   "geometry": {
    "type": "LineString",
    "coordinates": [
     [
      79.16293,
      21.199395
     ],
     [
      79.163173,
      21.199927
     ],
     [
      79.163554,
      21.200792
     ],
     [
      79.163698,
      21.201172
     ],
     [
      79.163709,
      21.201702
     ],
     [
      79.163747,
      21.202578
     ],
     [
      79.163742,
      21.203323
     ],
     [
      79.16379,
      21.204423
     ],
     [
      79.163784,
      21.204638
     ],
     [
      79.163881,
      21.204998
     ],
     [
      79.164192,
      21.205748
     ],
     [
      79.164503,
      21.206523
     ],
     [
      79.165152,
      21.206964
     ],
     [
      79.165962,
      21.207504
     ],
     [
      79.166644,
      21.207684
     ],
     [
      79.167947,
      21.207999
     ],
     [
      79.168655,
      21.208149
     ]
    ]
   }
  },
  {
   "type": "Feature",
   "properties": {
    "osm_id": 665106003,
    "waterway": "stream",
    "name": "",
    "name_en": "",
    "tunnel": "",
    "intermittent": ""
   },
   "geometry": {
    "type": "LineString",
    "coordinates": [
     [
      79.179529,
      21.208604
     ],
     [
      79.179642,
      21.208794
     ],
     [
      79.179679,
      21.209074
     ],
     [
      79.179695,
      21.209279
     ],
     [
      79.179658,
      21.209384
     ],
     [
      79.179829,
      21.209844
     ],
     [
      79.181133,
      21.209674
     ],
     [
      79.181498,
      21.209559
     ],
     [
      79.1819,
      21.209464
     ],
     [
      79.182238,
      21.209444
     ],
     [
      79.182667,
      21.209544
     ],
     [
      79.183252,
      21.209569
     ],
     [
      79.183579,
      21.209554
     ],
     [
      79.183992,
      21.209564
     ],
     [
      79.184336,
      21.209644
     ],
     [
      79.184507,
      21.209784
     ],
     [
      79.184636,
      21.210039
     ],
     [
      79.184759,
      21.210259
     ],
     [
      79.185183,
      21.210239
     ],
     [
      79.185446,
      21.210149
     ],
     [
      79.185618,
      21.210374
     ],
     [
      79.185741,
      21.210689
     ],
     [
      79.185891,
      21.210754
     ],
     [
      79.186063,
      21.210774
     ],
     [
      79.186342,
      21.210894
     ],
     [
      79.186578,
      21.211009
     ],
     [
      79.186905,
      21.211225
     ],
     [
      79.187011,
      21.211347
     ]
    ]
   }
  },
  {
   "type": "Feature",
   "properties": {
    "osm_id": 669536710,
    "waterway": "river",
    "name": "Naag",
    "name_en": "",
    "tunnel": "culvert",
    "intermittent": ""
   },
   "geometry": {
    "type": "LineString",
    "coordinates": [
     [
      79.068819,
      21.136945
     ],
     [
      79.069149,
      21.136991
     ]
    ]
   }
  },
  {
   "type": "Feature",
   "properties": {
    "osm_id": 669536711,
    "waterway": "river",
    "name": "Naag",
    "name_en": "",
    "tunnel": "",
    "intermittent": ""
   },
   "geometry": {
    "type": "LineString",
    "coordinates": [
     [
      79.060994,
      21.135049
     ],
     [
      79.061974,
      21.135286
     ],
     [
      79.062918,
      21.135566
     ],
     [
      79.064437,
      21.135902
     ],
     [
      79.06466,
      21.136014
     ],
     [
      79.064883,
      21.136014
     ],
     [
      79.065038,
      21.13611
     ],
     [
      79.065982,
      21.136335
     ],
     [
      79.066428,
      21.136391
     ],
     [
      79.067029,
      21.136599
     ],
     [
      79.06733,
      21.136615
     ],
     [
      79.067905,
      21.136743
     ],
     [
      79.068055,
      21.136764
     ],
     [
      79.068294,
      21.136812
     ],
     [
      79.068567,
      21.136891
     ],
     [
      79.068819,
      21.136945
     ]
    ]
   }
  },
  {
   "type": "Feature",
   "properties": {
    "osm_id": 693965175,
    "waterway": "dam",
    "name": "",
    "name_en": "",
    "tunnel": "",
    "intermittent": ""
   },
   "geometry": {
    "type": "LineString",
    "coordinates": [
     [
      79.000878,
      21.028566
     ],
     [
      79.000816,
      21.028252
     ],
     [
      79.000752,
      21.027927
     ]
    ]
   }
  },
  {
   "type": "Feature",
   "properties": {
    "osm_id": 717818935,
    "waterway": "river",
    "name": "",
    "name_en": "",
    "tunnel": "",
    "intermittent": ""
   },
   "geometry": {
    "type": "LineString",
    "coordinates": [
     [
      79.002711,
      21.012055
     ],
     [
      79.003128,
      21.011194
     ],
     [
      79.003675,
      21.010713
     ],
     [
      79.004812,
      21.010613
     ],
     [
      79.0061,
      21.010383
     ],
     [
      79.006786,
      21.010052
     ],
     [
      79.007441,
      21.009431
     ],
     [
      79.007923,
      21.00895
     ],
     [
      79.00831,
      21.00849
     ],
     [
      79.008235,
      21.008179
     ],
     [
      79.007333,
      21.008019
     ],
     [
      79.006872,
      21.007879
     ],
     [
      79.006486,
      21.007578
     ],
     [
      79.006378,
      21.007288
     ],
     [
      79.006518,
      21.006917
     ],
     [
      79.006775,
      21.006677
     ],
     [
      79.007226,
      21.006567
     ],
     [
      79.007473,
      21.006466
     ],
     [
      79.007634,
      21.006226
     ],
     [
      79.007526,
      21.005835
     ],
     [
      79.007129,
      21.005275
     ],
     [
      79.006733,
      21.004924
     ]
    ]
   }
  },
  {
   "type": "Feature",
   "properties": {
    "osm_id": 717818936,
    "waterway": "river",
    "name": "",
    "name_en": "",
    "tunnel": "",
    "intermittent": ""
   },
   "geometry": {
    "type": "LineString",
    "coordinates": [
     [
      79.02966,
      21.028049
     ],
     [
      79.028887,
      21.027398
     ],
     [
      79.028276,
      21.026937
     ],
     [
      79.027364,
      21.026477
     ],
     [
      79.026516,
      21.026086
     ],
     [
      79.026023,
      21.025686
     ],
     [
      79.025325,
      21.025285
     ],
     [
      79.024886,
      21.024614
     ],
     [
      79.024274,
      21.023613
     ],
     [
      79.024113,
      21.023042
     ],
     [
      79.024038,
      21.02209
     ],
     [
      79.023813,
      21.021399
     ],
     [
      79.023137,
      21.020378
     ],
     [
      79.022697,
      21.019617
     ],
     [
      79.021922,
      21.019104
     ],
     [
      79.02141,
      21.018765
     ],
     [
      79.020648,
      21.018385
     ],
     [
      79.020111,
      21.018004
     ],
     [
      79.019671,
      21.017704
     ],
     [
      79.019296,
      21.017033
     ],
     [
      79.018438,
      21.016913
     ],
     [
      79.017815,
      21.016572
     ],
     [
      79.017375,
      21.016121
     ],
     [
      79.017064,
      21.015631
     ],
     [
      79.016764,
      21.01542
     ],
     [
      79.016442,
      21.01533
     ],
     [
      79.016045,
      21.01536
     ],
     [
      79.01553,
      21.015621
     ],
     [
      79.014618,
      21.01521
     ],
     [
      79.014211,
      21.014889
     ],
     [
      79.013728,
      21.014088
     ],
     [
      79.013524,
      21.013538
     ],
     [
      79.013202,
      21.012867
     ],
     [
      79.013052,
      21.012366
     ],
     [
      79.012515,
      21.011454
     ],
     [
      79.012033,
      21.010893
     ],
     [
      79.011528,
      21.010363
     ],
     [
      79.01097,
      21.009962
     ],
     [
      79.010745,
      21.009391
     ],
     [
      79.010606,
      21.00877
     ],
     [
      79.010015,
      21.00862
     ],
     [
      79.009329,
      21.00852
     ],
     [
      79.008514,
      21.008259
     ],
     [
      79.008235,
      21.008179
     ]
    ]
   }
  },
  {
   "type": "Feature",
   "properties": {
    "osm_id": 724518187,
    "waterway": "canal",
    "name": "",
    "name_en": "",
    "tunnel": "culvert",
    "intermittent": ""
   },
   "geometry": {
    "type": "LineString",
    "coordinates": [
     [
      79.171881,
      21.192439
     ],
     [
      79.172088,
      21.192301
     ]
    ]
   }
  },
  {
   "type": "Feature",
   "properties": {
    "osm_id": 724518188,
    "waterway": "canal",
    "name": "",
    "name_en": "",
    "tunnel": "",
    "intermittent": ""
   },
   "geometry": {
    "type": "LineString",
    "coordinates": [
     [
      79.151785,
      21.206855
     ],
     [
      79.15188,
      21.206666
     ],
     [
      79.151846,
      21.20608
     ],
     [
      79.151734,
      21.205001
     ],
     [
      79.1517,
      21.204393
     ],
     [
      79.151981,
      21.203974
     ],
     [
      79.152318,
      21.203555
     ],
     [
      79.152891,
      21.203272
     ],
     [
      79.154341,
      21.2017
     ],
     [
      79.155071,
      21.201302
     ],
     [
      79.156375,
      21.200936
     ],
     [
      79.159185,
      21.200279
     ],
     [
      79.160184,
      21.200045
     ],
     [
      79.162465,
      21.199636
     ],
     [
      79.16293,
      21.199395
     ],
     [
      79.163533,
      21.199081
     ],
     [
      79.164994,
      21.198432
     ],
     [
      79.167061,
      21.197101
     ],
     [
      79.16776,
      21.196008
     ],
     [
      79.168334,
      21.195212
     ],
     [
      79.170098,
      21.193855
     ],
     [
      79.170978,
      21.193335
     ],
     [
      79.171708,
      21.192555
     ],
     [
      79.171881,
      21.192439
     ]
    ]
   }
  },
  {
   "type": "Feature",
   "properties": {
    "osm_id": 730088987,
    "waterway": "canal",
    "name": "",
    "name_en": "",
    "tunnel": "culvert",
    "intermittent": ""
   },
   "geometry": {
    "type": "LineString",
    "coordinates": [
     [
      79.19769,
      21.185055
     ],
     [
      79.197844,
      21.184972
     ]
    ]
   }
  },
  {
   "type": "Feature",
   "properties": {
    "osm_id": 730088988,
    "waterway": "canal",
    "name": "",
    "name_en": "",
    "tunnel": "",
    "intermittent": ""
   },
   "geometry": {
    "type": "LineString",
    "coordinates": [
     [
      79.172088,
      21.192301
     ],
     [
      79.172308,
      21.192155
     ],
     [
      79.172888,
      21.192114
     ],
     [
      79.173832,
      21.192495
     ],
     [
      79.17484,
      21.192975
     ],
     [
      79.175377,
      21.192995
     ],
     [
      79.178166,
      21.191714
     ],
     [
      79.181406,
      21.190214
     ],
     [
      79.183166,
      21.189414
     ],
     [
      79.185162,
      21.188513
     ],
     [
      79.18617,
      21.188013
     ],
     [
      79.187822,
      21.187513
     ],
     [
      79.189475,
      21.187553
     ],
     [
      79.192414,
      21.187833
     ],
     [
      79.193788,
      21.187173
     ],
     [
      79.19769,
      21.185055
     ]
    ]
   }
  },
  {
   "type": "Feature",
   "properties": {
    "osm_id": 743671480,
    "waterway": "stream",
    "name": "",
    "name_en": "",
    "tunnel": "",
    "intermittent": ""
   },
   "geometry": {
    "type": "LineString",
    "coordinates": [
     [
      79.036358,
      21.089212
     ],
     [
      79.036353,
      21.089158
     ],
     [
      79.036348,
      21.089072
     ],
     [
      79.036344,
      21.089007
     ],
     [
      79.036321,
      21.088921
     ],
     [
      79.036293,
      21.088877
     ],
     [
      79.036237,
      21.088831
     ],
     [
      79.036185,
      21.088794
     ],
     [
      79.036115,
      21.088769
     ],
     [
      79.036114,
      21.088734
     ],
     [
      79.036108,
      21.088697
     ],
     [
      79.036086,
      21.088669
     ],
     [
      79.0361,
      21.088644
     ],
     [
      79.036109,
      21.088604
     ],
     [
      79.036119,
      21.088553
     ],
     [
      79.036123,
      21.088509
     ],
     [
      79.036113,
      21.088465
     ],
     [
      79.036088,
      21.088438
     ],
     [
      79.03607,
      21.088415
     ],
     [
      79.036013,
      21.088392
     ],
     [
      79.035995,
      21.088356
     ],
     [
      79.036024,
      21.088286
     ],
     [
      79.036056,
      21.088245
     ],
     [
      79.036072,
      21.088209
     ],
     [
      79.036085,
      21.08816
     ],
     [
      79.036095,
      21.088114
     ],
     [
      79.036096,
      21.088078
     ],
     [
      79.03606,
      21.088047
     ],
     [
      79.03604,
      21.088016
     ],
     [
      79.036007,
      21.087995
     ],
     [
      79.035979,
      21.087966
     ],
     [
      79.035959,
      21.087923
     ],
     [
      79.035949,
      21.087902
     ],
     [
      79.035949,
      21.08787
     ],
     [
      79.035904,
      21.087849
     ],
     [
      79.035874,
      21.087833
     ],
     [
      79.035854,
      21.087812
     ],
     [
      79.035846,
      21.087796
     ],
     [
      79.035839,
      21.087733
     ],
     [
      79.035884,
      21.087687
     ],
     [
      79.035892,
      21.087621
     ],
     [
      79.035891,
      21.087575
     ],
     [
      79.035892,
      21.087544
     ],
     [
      79.035892,
      21.087496
     ],
     [
      79.035873,
      21.087443
     ],
     [
      79.035873,
      21.087409
     ],
     [
      79.035884,
      21.087359
     ],
     [
      79.03592,
      21.087311
     ],
     [
      79.035966,
      21.087274
     ],
     [
      79.035995,
      21.08724
     ],
     [
      79.036029,
      21.087211
     ],
     [
      79.036069,
      21.087194
     ],
     [
      79.036112,
      21.087178
     ],
     [
      79.036167,
      21.087159
     ],
     [
      79.036228,
      21.087127
     ],
     [
      79.036259,
      21.087105
     ],
     [
      79.036283,
      21.087074
     ],
     [
      79.036328,
      21.087029
     ],
     [
      79.036357,
      21.086983
     ],
     [
      79.036365,
      21.086933
     ],
     [
      79.036371,
      21.086889
     ],
     [
      79.036373,
      21.086845
     ],
     [
      79.036375,
      21.086799
     ],
     [
      79.036378,
      21.086733
     ],
     [
      79.036383,
      21.086662
     ],
     [
      79.036442,
      21.086502
     ],
     [
      79.036467,
      21.086445
     ],
     [
      79.03646,
      21.086374
     ],
     [
      79.036447,
      21.086303
     ],
     [
      79.036455,
      21.086244
     ],
     [
      79.036444,
      21.086192
     ],
     [
      79.036432,
      21.086126
     ],
     [
      79.036416,
      21.086084
     ],
     [
      79.036412,
      21.086042
     ],
     [
      79.036406,
      21.085991
     ],
     [
      79.036413,
      21.085934
     ],
     [
      79.036408,
      21.085876
     ],
     [
      79.036422,
      21.08583
     ],
     [
      79.036444,
      21.085772
     ],
     [
      79.036465,
      21.085736
     ],
     [
      79.036482,
      21.085701
     ],
     [
      79.036492,
      21.085649
     ],
     [
      79.036506,
      21.085602
     ],
     [
      79.03652,
      21.085557
     ],
     [
      79.036532,
      21.085514
     ],
     [
      79.036539,
      21.085472
     ],
     [
      79.036544,
      21.085431
     ],
     [
      79.036538,
      21.085383
     ],
     [
      79.036541,
      21.085351
     ],
     [
      79.036559,
      21.08529
     ],
     [
      79.036577,
      21.085224
     ],
     [
      79.036613,
      21.08517
     ],
     [
      79.036634,
      21.085115
     ],
     [
      79.036641,
      21.085065
     ],
     [
      79.036678,
      21.08501
     ],
     [
      79.036729,
      21.084974
     ],
     [
      79.036784,
      21.084949
     ],
     [
      79.036832,
      21.084951
     ],
     [
      79.03687,
      21.084954
     ],
     [
      79.03691,
      21.084953
     ],
     [
      79.036959,
      21.08495
     ],
     [
      79.037017,
      21.084943
     ],
     [
      79.037069,
      21.084916
     ],
     [
      79.037111,
      21.084877
     ],
     [
      79.037151,
      21.084821
     ],
     [
      79.037176,
      21.084794
     ],
     [
      79.037201,
      21.084752
     ],
     [
      79.037213,
      21.084719
     ],
     [
      79.03724,
      21.084638
     ],
     [
      79.037243,
      21.08459
     ],
     [
      79.037272,
      21.084554
     ],
     [
      79.037292,
      21.084509
     ],
     [
      79.037325,
      21.084465
     ],
     [
      79.037361,
      21.084415
     ],
     [
      79.037406,
      21.084376
     ],
     [
      79.037459,
      21.08436
     ],
     [
      79.037496,
      21.08434
     ],
     [
      79.037531,
      21.08432
     ],
     [
      79.037539,
      21.084295
     ],
     [
      79.037538,
      21.084251
     ],
     [
      79.037491,
      21.084218
     ],
     [
      79.037437,
      21.08416
     ],
     [
      79.037414,
      21.08411
     ],
     [
      79.03741,
      21.084065
     ],
     [
      79.037409,
      21.084028
     ],
     [
      79.037402,
      21.083995
     ],
     [
      79.037405,
      21.083964
     ],
     [
      79.03743,
      21.083939
     ],
     [
      79.037504,
      21.083918
     ],
     [
      79.037584,
      21.083895
     ],
     [
      79.037617,
      21.083887
     ],
     [
      79.037654,
      21.083876
     ],
     [
      79.037695,
      21.083854
     ],
     [
      79.037812,
      21.083794
     ],
     [
      79.037843,
      21.083775
     ],
     [
      79.037862,
      21.083727
     ],
     [
      79.037853,
      21.0837
     ],
     [
      79.037848,
      21.08366
     ],
     [
      79.037843,
      21.083614
     ],
     [
      79.03782,
      21.083567
     ],
     [
      79.037823,
      21.083504
     ],
     [
      79.037862,
      21.083465
     ],
     [
      79.037896,
      21.083434
     ],
     [
      79.038001,
      21.08336
     ],
     [
      79.038023,
      21.083324
     ],
     [
      79.038055,
      21.083319
     ],
     [
      79.038108,
      21.08332
     ],
     [
      79.038138,
      21.083319
     ],
     [
      79.038146,
      21.083296
     ],
     [
      79.038177,
      21.083261
     ],
     [
      79.03828,
      21.083211
     ],
     [
      79.038351,
      21.083186
     ],
     [
      79.038412,
      21.08315
     ],
     [
      79.038447,
      21.083104
     ],
     [
      79.038479,
      21.08308
     ],
     [
      79.038509,
      21.083044
     ],
     [
      79.038559,
      21.083023
     ],
     [
      79.038631,
      21.082998
     ],
     [
      79.038674,
      21.082983
     ],
     [
      79.038757,
      21.082967
     ],
     [
      79.038827,
      21.082947
     ],
     [
      79.038909,
      21.082929
     ],
     [
      79.038953,
      21.082915
     ],
     [
      79.038997,
      21.082897
     ],
     [
      79.039057,
      21.082873
     ],
     [
      79.039116,
      21.082842
     ],
     [
      79.039157,
      21.082832
     ],
     [
      79.039231,
      21.082832
     ],
     [
      79.039286,
      21.082837
     ],
     [
      79.039339,
      21.082829
     ],
     [
      79.039423,
      21.082806
     ],
     [
      79.039534,
      21.082733
     ],
     [
      79.039593,
      21.0827
     ],
     [
      79.039658,
      21.082667
     ],
     [
      79.039781,
      21.08261
     ],
     [
      79.03985,
      21.082576
     ],
     [
      79.039914,
      21.082556
     ],
     [
      79.040001,
      21.082517
     ],
     [
      79.040041,
      21.082497
     ],
     [
      79.040077,
      21.082483
     ],
     [
      79.040113,
      21.082456
     ],
     [
      79.040133,
      21.082435
     ],
     [
      79.040172,
      21.08241
     ],
     [
      79.040233,
      21.082348
     ],
     [
      79.040284,
      21.082326
     ],
     [
      79.040311,
      21.082309
     ],
     [
      79.04038,
      21.082278
     ],
     [
      79.040423,
      21.082266
     ],
     [
      79.040451,
      21.082252
     ],
     [
      79.04049,
      21.082238
     ],
     [
      79.040523,
      21.082221
     ],
     [
      79.040551,
      21.082213
     ],
     [
      79.040579,
      21.082195
     ],
     [
      79.0406,
      21.082182
     ],
     [
      79.040636,
      21.082158
     ],
     [
      79.040664,
      21.082145
     ],
     [
      79.04069,
      21.08213
     ],
     [
      79.040717,
      21.082113
     ],
     [
      79.040751,
      21.082087
     ],
     [
      79.04078,
      21.082068
     ],
     [
      79.040817,
      21.082035
     ],
     [
      79.040835,
      21.082008
     ],
     [
      79.040864,
      21.081982
     ],
     [
      79.040896,
      21.081962
     ],
     [
      79.040931,
      21.08194
     ],
     [
      79.040959,
      21.081917
     ],
     [
      79.040986,
      21.081905
     ],
     [
      79.041007,
      21.081885
     ],
     [
      79.041033,
      21.081861
     ],
     [
      79.041045,
      21.081841
     ],
     [
      79.041057,
      21.081825
     ],
     [
      79.04108,
      21.0818
     ],
     [
      79.041119,
      21.08171
     ],
     [
      79.041135,
      21.081682
     ],
     [
      79.04115,
      21.081661
     ],
     [
      79.04114,
      21.081633
     ],
     [
      79.041116,
      21.081606
     ],
     [
      79.041096,
      21.081585
     ],
     [
      79.041079,
      21.081564
     ],
     [
      79.041074,
      21.081528
     ],
     [
      79.041088,
      21.081501
     ],
     [
      79.041085,
      21.081473
     ],
     [
      79.041084,
      21.081426
     ],
     [
      79.041116,
      21.081416
     ],
     [
      79.041128,
      21.0814
     ],
     [
      79.041124,
      21.081356
     ],
     [
      79.041135,
      21.08133
     ],
     [
      79.041117,
      21.081307
     ],
     [
      79.041091,
      21.081281
     ],
     [
      79.041071,
      21.081255
     ],
     [
      79.041057,
      21.081227
     ],
     [
      79.041046,
      21.081185
     ],
     [
      79.041046,
      21.081151
     ],
     [
      79.041056,
      21.08107
     ],
     [
      79.041065,
      21.081027
     ],
     [
      79.041062,
      21.080997
     ],
     [
      79.041053,
      21.080953
     ],
     [
      79.041063,
      21.080896
     ],
     [
      79.041065,
      21.08084
     ],
     [
      79.041096,
      21.080775
     ],
     [
      79.041138,
      21.080723
     ],
     [
      79.041185,
      21.080679
     ],
     [
      79.041246,
      21.080643
     ],
     [
      79.041272,
      21.080617
     ],
     [
      79.041331,
      21.08061
     ],
     [
      79.041371,
      21.080626
     ],
     [
      79.041417,
      21.08064
     ],
     [
      79.04149,
      21.080669
     ],
     [
      79.041535,
      21.080689
     ],
     [
      79.041563,
      21.080695
     ],
     [
      79.041621,
      21.080709
     ],
     [
      79.041652,
      21.080718
     ],
     [
      79.041688,
      21.080722
     ],
     [
      79.041751,
      21.080717
     ],
     [
      79.041781,
      21.080709
     ],
     [
      79.041795,
      21.0807
     ],
     [
      79.041832,
      21.08068
     ],
     [
      79.041855,
      21.080613
     ],
     [
      79.041872,
      21.080584
     ],
     [
      79.041896,
      21.080562
     ],
     [
      79.041916,
      21.080545
     ],
     [
      79.041938,
      21.080531
     ],
     [
      79.041961,
      21.080516
     ],
     [
      79.041987,
      21.080498
     ],
     [
      79.042021,
      21.080477
     ],
     [
      79.04204,
      21.080455
     ],
     [
      79.042079,
      21.080426
     ],
     [
      79.042098,
      21.080399
     ],
     [
      79.042131,
      21.080372
     ],
     [
      79.042149,
      21.080351
     ],
     [
      79.042171,
      21.080335
     ],
     [
      79.042177,
      21.080307
     ],
     [
      79.042188,
      21.080278
     ],
     [
      79.042208,
      21.080242
     ],
     [
      79.042224,
      21.080215
     ],
     [
      79.04223,
      21.08019
     ],
     [
      79.042245,
      21.080165
     ],
     [
      79.042257,
      21.080141
     ],
     [
      79.042278,
      21.080121
     ],
     [
      79.042308,
      21.080098
     ],
     [
      79.042325,
      21.080083
     ],
     [
      79.042348,
      21.080067
     ],
     [
      79.042377,
      21.080051
     ],
     [
      79.042411,
      21.080042
     ],
     [
      79.042442,
      21.080036
     ],
     [
      79.042476,
      21.08004
     ],
     [
      79.042513,
      21.080047
     ],
     [
      79.042545,
      21.080055
     ],
     [
      79.04258,
      21.080063
     ],
     [
      79.042609,
      21.080063
     ],
     [
      79.042652,
      21.080062
     ],
     [
      79.042703,
      21.080054
     ],
     [
      79.042738,
      21.080057
     ],
     [
      79.042772,
      21.080044
     ],
     [
      79.042799,
      21.080029
     ],
     [
      79.042817,
      21.080009
     ],
     [
      79.042843,
      21.079983
     ],
     [
      79.042876,
      21.079965
     ],
     [
      79.042906,
      21.079959
     ],
     [
      79.042945,
      21.079952
     ],
     [
      79.04298,
      21.079933
     ],
     [
      79.042996,
      21.079905
     ],
     [
      79.043008,
      21.07988
     ],
     [
      79.043008,
      21.079853
     ],
     [
      79.043011,
      21.079825
     ],
     [
      79.043013,
      21.079793
     ],
     [
      79.043014,
      21.079775
     ],
     [
      79.043016,
      21.079756
     ],
     [
      79.043022,
      21.079737
     ],
     [
      79.043027,
      21.079722
     ],
     [
      79.043033,
      21.079695
     ],
     [
      79.043041,
      21.079674
     ],
     [
      79.043067,
      21.079633
     ],
     [
      79.043082,
      21.07962
     ],
     [
      79.043109,
      21.079619
     ],
     [
      79.04312,
      21.079631
     ],
     [
      79.043131,
      21.07964
     ],
     [
      79.043144,
      21.079658
     ],
     [
      79.043164,
      21.079666
     ],
     [
      79.043184,
      21.079667
     ],
     [
      79.04322,
      21.079668
     ],
     [
      79.043245,
      21.079673
     ],
     [
      79.043269,
      21.079677
     ],
     [
      79.0433,
      21.07969
     ],
     [
      79.043324,
      21.079703
     ],
     [
      79.043354,
      21.079709
     ],
     [
      79.043389,
      21.079705
     ],
     [
      79.043422,
      21.079694
     ],
     [
      79.043456,
      21.079674
     ],
     [
      79.043494,
      21.079647
     ],
     [
      79.043544,
      21.079642
     ],
     [
      79.043556,
      21.079621
     ],
     [
      79.043514,
      21.079594
     ],
     [
      79.043491,
      21.079582
     ],
     [
      79.043473,
      21.079563
     ],
     [
      79.043477,
      21.079537
     ],
     [
      79.043486,
      21.07951
     ],
     [
      79.043515,
      21.079496
     ],
     [
      79.043557,
      21.079485
     ],
     [
      79.043581,
      21.079467
     ],
     [
      79.043589,
      21.079438
     ],
     [
      79.043581,
      21.079411
     ],
     [
      79.043549,
      21.079381
     ],
     [
      79.043509,
      21.079347
     ],
     [
      79.04348,
      21.079326
     ],
     [
      79.043463,
      21.079289
     ],
     [
      79.043458,
      21.079249
     ],
     [
      79.043471,
      21.079195
     ],
     [
      79.043463,
      21.079138
     ],
     [
      79.04347,
      21.079093
     ],
     [
      79.043475,
      21.079048
     ],
     [
      79.043481,
      21.079008
     ],
     [
      79.043495,
      21.078967
     ],
     [
      79.043512,
      21.078933
     ],
     [
      79.043526,
      21.078899
     ],
     [
      79.043583,
      21.078854
     ],
     [
      79.043601,
      21.078808
     ],
     [
      79.043607,
      21.078768
     ],
     [
      79.043606,
      21.078726
     ],
     [
      79.043605,
      21.07869
     ],
     [
      79.043605,
      21.078648
     ],
     [
      79.043605,
      21.078614
     ],
     [
      79.043594,
      21.078576
     ],
     [
      79.04356,
      21.078544
     ],
     [
      79.04353,
      21.078524
     ],
     [
      79.043501,
      21.078512
     ],
     [
      79.043473,
      21.078508
     ],
     [
      79.043454,
      21.078497
     ],
     [
      79.043454,
      21.078455
     ],
     [
      79.043456,
      21.078422
     ],
     [
      79.043466,
      21.078379
     ],
     [
      79.043458,
      21.078335
     ],
     [
      79.043432,
      21.078282
     ],
     [
      79.043456,
      21.078219
     ],
     [
      79.04346,
      21.078158
     ],
     [
      79.043482,
      21.078125
     ],
     [
      79.043514,
      21.07808
     ],
     [
      79.043535,
      21.078041
     ],
     [
      79.043551,
      21.078014
     ],
     [
      79.043591,
      21.077984
     ],
     [
      79.043635,
      21.077943
     ],
     [
      79.043673,
      21.077877
     ],
     [
      79.043695,
      21.077838
     ],
     [
      79.043749,
      21.077815
     ],
     [
      79.04382,
      21.077803
     ],
     [
      79.043882,
      21.077801
     ],
     [
      79.043958,
      21.077793
     ],
     [
      79.043991,
      21.077763
     ],
     [
      79.044034,
      21.077721
     ],
     [
      79.044071,
      21.077661
     ],
     [
      79.044088,
      21.077615
     ],
     [
      79.044126,
      21.077581
     ],
     [
      79.044194,
      21.077572
     ],
     [
      79.044342,
      21.077557
     ],
     [
      79.044486,
      21.077567
     ],
     [
      79.044597,
      21.077554
     ],
     [
      79.044689,
      21.077553
     ],
     [
      79.044766,
      21.077553
     ],
     [
      79.044862,
      21.077548
     ],
     [
      79.044935,
      21.077541
     ],
     [
      79.045005,
      21.077527
     ],
     [
      79.045113,
      21.077531
     ],
     [
      79.045144,
      21.077531
     ],
     [
      79.045243,
      21.077524
     ],
     [
      79.045273,
      21.077555
     ],
     [
      79.045331,
      21.077573
     ],
     [
      79.045375,
      21.077588
     ],
     [
      79.045403,
      21.077585
     ],
     [
      79.045455,
      21.077579
     ],
     [
      79.045517,
      21.077576
     ],
     [
      79.045563,
      21.077564
     ],
     [
      79.045608,
      21.077561
     ],
     [
      79.045641,
      21.077574
     ],
     [
      79.045681,
      21.077584
     ],
     [
      79.045739,
      21.07757
     ],
     [
      79.045818,
      21.077587
     ],
     [
      79.045888,
      21.077574
     ],
     [
      79.046032,
      21.077548
     ],
     [
      79.046154,
      21.077525
     ],
     [
      79.046264,
      21.077497
     ],
     [
      79.046388,
      21.077467
     ],
     [
      79.046464,
      21.077486
     ],
     [
      79.046561,
      21.077551
     ],
     [
      79.046607,
      21.077611
     ],
     [
      79.046626,
      21.077684
     ],
     [
      79.046643,
      21.077773
     ],
     [
      79.046711,
      21.077899
     ],
     [
      79.046748,
      21.077976
     ],
     [
      79.046847,
      21.07807
     ],
     [
      79.04696,
      21.078152
     ],
     [
      79.047027,
      21.078205
     ],
     [
      79.047094,
      21.078233
     ],
     [
      79.047167,
      21.078273
     ],
     [
      79.04727,
      21.078306
     ],
     [
      79.047364,
      21.078356
     ],
     [
      79.047435,
      21.078433
     ],
     [
      79.047562,
      21.078463
     ],
     [
      79.047743,
      21.07847
     ],
     [
      79.047843,
      21.078461
     ],
     [
      79.047966,
      21.078425
     ],
     [
      79.048075,
      21.078382
     ],
     [
      79.048164,
      21.078343
     ],
     [
      79.048267,
      21.078278
     ],
     [
      79.048356,
      21.078214
     ],
     [
      79.048447,
      21.078164
     ],
     [
      79.048541,
      21.078142
     ],
     [
      79.04862,
      21.078131
     ],
     [
      79.048716,
      21.078117
     ],
     [
      79.048795,
      21.078101
     ],
     [
      79.048912,
      21.078081
     ],
     [
      79.049043,
      21.078032
     ],
     [
      79.049147,
      21.077985
     ],
     [
      79.049241,
      21.077934
     ],
     [
      79.049323,
      21.077883
     ],
     [
      79.049455,
      21.077799
     ],
     [
      79.049546,
      21.077721
     ],
     [
      79.049619,
      21.077662
     ],
     [
      79.04968,
      21.077581
     ],
     [
      79.049758,
      21.07749
     ],
     [
      79.049833,
      21.077444
     ],
     [
      79.04993,
      21.077414
     ],
     [
      79.05002,
      21.077365
     ],
     [
      79.050081,
      21.077316
     ],
     [
      79.050173,
      21.077263
     ],
     [
      79.050235,
      21.077219
     ],
     [
      79.050319,
      21.077156
     ],
     [
      79.050374,
      21.077085
     ],
     [
      79.050408,
      21.076995
     ],
     [
      79.050439,
      21.076935
     ],
     [
      79.050479,
      21.07686
     ],
     [
      79.050518,
      21.076774
     ],
     [
      79.050564,
      21.076704
     ],
     [
      79.050627,
      21.076638
     ],
     [
      79.050668,
      21.076578
     ],
     [
      79.050743,
      21.076507
     ],
     [
      79.050832,
      21.076421
     ],
     [
      79.050878,
      21.076351
     ],
     [
      79.050939,
      21.076267
     ],
     [
      79.050998,
      21.076206
     ],
     [
      79.051069,
      21.076105
     ],
     [
      79.051111,
      21.076052
     ],
     [
      79.051209,
      21.075954
     ],
     [
      79.051269,
      21.075854
     ],
     [
      79.051321,
      21.075778
     ],
     [
      79.051397,
      21.075683
     ],
     [
      79.051417,
      21.07561
     ],
     [
      79.051439,
      21.075526
     ],
     [
      79.051463,
      21.075437
     ],
     [
      79.051488,
      21.075385
     ],
     [
      79.05152,
      21.075312
     ],
     [
      79.051547,
      21.075233
     ],
     [
      79.051574,
      21.07516
     ],
     [
      79.051612,
      21.075103
     ],
     [
      79.051653,
      21.075003
     ],
     [
      79.051707,
      21.074891
     ],
     [
      79.051753,
      21.074782
     ],
     [
      79.051794,
      21.074676
     ],
     [
      79.051807,
      21.074595
     ],
     [
      79.051793,
      21.074517
     ],
     [
      79.051792,
      21.074455
     ],
     [
      79.0518,
      21.074378
     ],
     [
      79.051761,
      21.074278
     ],
     [
      79.051664,
      21.074233
     ],
     [
      79.051579,
      21.074193
     ],
     [
      79.051547,
      21.073483
     ],
     [
      79.051865,
      21.073019
     ],
     [
      79.052191,
      21.072542
     ],
     [
      79.052931,
      21.071831
     ],
     [
      79.053285,
      21.07138
     ],
     [
      79.054058,
      21.07126
     ],
     [
      79.055474,
      21.07141
     ],
     [
      79.056059,
      21.071123
     ],
     [
      79.056539,
      21.07102
     ],
     [
      79.056708,
      21.071073
     ],
     [
      79.05696,
      21.071005
     ],
     [
      79.057008,
      21.07095
     ],
     [
      79.057118,
      21.070855
     ],
     [
      79.05729,
      21.070785
     ],
     [
      79.057427,
      21.070817
     ],
     [
      79.057617,
      21.070978
     ],
     [
      79.057705,
      21.071015
     ],
     [
      79.057901,
      21.071008
     ],
     [
      79.058195,
      21.070902
     ]
    ]
   }
  },
  {
   "type": "Feature",
   "properties": {
    "osm_id": 743671483,
    "waterway": "stream",
    "name": "",
    "name_en": "",
    "tunnel": "culvert",
    "intermittent": ""
   },
   "geometry": {
    "type": "LineString",
    "coordinates": [
     [
      79.058195,
      21.070902
     ],
     [
      79.058982,
      21.070589
     ],
     [
      79.05983,
      21.070339
     ]
    ]
   }
  },
  {
   "type": "Feature",
   "properties": {
    "osm_id": 743671484,
    "waterway": "stream",
    "name": "",
    "name_en": "",
    "tunnel": "",
    "intermittent": ""
   },
   "geometry": {
    "type": "LineString",
    "coordinates": [
     [
      79.05983,
      21.070339
     ],
     [
      79.06116,
      21.069989
     ],
     [
      79.061557,
      21.069698
     ],
     [
      79.061858,
      21.069338
     ],
     [
      79.062179,
      21.068577
     ],
     [
      79.062362,
      21.068367
     ],
     [
      79.062759,
      21.068217
     ],
     [
      79.063853,
      21.067796
     ],
     [
      79.06542,
      21.066755
     ],
     [
      79.066096,
      21.065944
     ],
     [
      79.066879,
      21.065914
     ],
     [
      79.068456,
      21.066154
     ],
     [
      79.071256,
      21.066144
     ],
     [
      79.071642,
      21.066284
     ],
     [
      79.072576,
      21.067656
     ],
     [
      79.073026,
      21.067926
     ],
     [
      79.07396,
      21.067916
     ],
     [
      79.074979,
      21.068086
     ],
     [
      79.076084,
      21.067636
     ],
     [
      79.076266,
      21.067543
     ],
     [
      79.076513,
      21.067416
     ],
     [
      79.07705,
      21.067316
     ],
     [
      79.078219,
      21.067946
     ],
     [
      79.078713,
      21.067906
     ],
     [
      79.079506,
      21.067466
     ],
     [
      79.079936,
      21.067055
     ],
     [
      79.080461,
      21.066885
     ],
     [
      79.081545,
      21.067206
     ],
     [
      79.082511,
      21.067346
     ],
     [
      79.083176,
      21.068187
     ],
     [
      79.083884,
      21.068497
     ],
     [
      79.084968,
      21.068827
     ],
     [
      79.08559,
      21.069168
     ],
     [
      79.08589,
      21.070089
     ],
     [
      79.085525,
      21.07083
     ],
     [
      79.085075,
      21.07144
     ],
     [
      79.084957,
      21.072281
     ],
     [
      79.085204,
      21.072742
     ],
     [
      79.085729,
      21.073062
     ],
     [
      79.086931,
      21.073242
     ],
     [
      79.087768,
      21.073162
     ],
     [
      79.088615,
      21.072552
     ],
     [
      79.089559,
      21.072852
     ],
     [
      79.089881,
      21.073092
     ],
     [
      79.090192,
      21.073713
     ],
     [
      79.091405,
      21.074214
     ],
     [
      79.092639,
      21.075405
     ],
     [
      79.093411,
      21.075825
     ],
     [
      79.095192,
      21.076426
     ],
     [
      79.095461,
      21.076469
     ],
     [
      79.095632,
      21.076496
     ],
     [
      79.096769,
      21.076036
     ],
     [
      79.09723,
      21.076096
     ],
     [
      79.09766,
      21.076836
     ],
     [
      79.097885,
      21.077297
     ],
     [
      79.098172,
      21.077573
     ]
    ]
   }
  },
  {
   "type": "Feature",
   "properties": {
    "osm_id": 855296480,
    "waterway": "stream",
    "name": "Naag River",
    "name_en": "",
    "tunnel": "",
    "intermittent": ""
   },
   "geometry": {
    "type": "LineString",
    "coordinates": [
     [
      79.002884,
      21.15138
     ],
     [
      79.003142,
      21.151352
     ],
     [
      79.00389,
      21.15101
     ],
     [
      79.00384,
      21.150622
     ],
     [
      79.003851,
      21.150184
     ],
     [
      79.003766,
      21.149038
     ],
     [
      79.004584,
      21.148132
     ],
     [
      79.005489,
      21.147755
     ],
     [
      79.006358,
      21.147391
     ],
     [
      79.007087,
      21.147166
     ],
     [
      79.007972,
      21.147173
     ],
     [
      79.008775,
      21.147138
     ],
     [
      79.010322,
      21.14679
     ],
     [
      79.011758,
      21.145741
     ],
     [
      79.012204,
      21.145114
     ],
     [
      79.012933,
      21.144572
     ],
     [
      79.013202,
      21.144189
     ],
     [
      79.013398,
      21.143547
     ],
     [
      79.014476,
      21.142368
     ],
     [
      79.014816,
      21.141727
     ],
     [
      79.015233,
      21.140235
     ],
     [
      79.015641,
      21.13925
     ],
     [
      79.015202,
      21.137415
     ],
     [
      79.016173,
      21.135838
     ],
     [
      79.017297,
      21.132926
     ],
     [
      79.018674,
      21.129835
     ],
     [
      79.020402,
      21.12745
     ],
     [
      79.023381,
      21.126993
     ],
     [
      79.033517,
      21.126316
     ],
     [
      79.038646,
      21.126845
     ],
     [
      79.041632,
      21.12507
     ]
    ]
   }
  },
  {
   "type": "Feature",
   "properties": {
    "osm_id": 855296481,
    "waterway": "stream",
    "name": "Naag River",
    "name_en": "",
    "tunnel": "culvert",
    "intermittent": ""
   },
   "geometry": {
    "type": "LineString",
    "coordinates": [
     [
      79.002761,
      21.151393
     ],
     [
      79.002884,
      21.15138
     ]
    ]
   }
  },
  {
   "type": "Feature",
   "properties": {
    "osm_id": 855296482,
    "waterway": "river",
    "name": "Nag River",
    "name_en": "",
    "tunnel": "",
    "intermittent": ""
   },
   "geometry": {
    "type": "LineString",
    "coordinates": [
     [
      79.049306,
      21.12977
     ],
     [
      79.049442,
      21.129826
     ],
     [
      79.049545,
      21.129856
     ],
     [
      79.050086,
      21.130002
     ],
     [
      79.050756,
      21.12997
     ],
     [
      79.051434,
      21.129826
     ],
     [
      79.053485,
      21.129514
     ],
     [
      79.054541,
      21.130146
     ],
     [
      79.055365,
      21.130811
     ],
     [
      79.056009,
      21.131203
     ],
     [
      79.056601,
      21.131467
     ],
     [
      79.057476,
      21.133581
     ],
     [
      79.057665,
      21.133656
     ],
     [
      79.057927,
      21.133778
     ],
     [
      79.058249,
      21.133885
     ],
     [
      79.058925,
      21.134187
     ],
     [
      79.059233,
      21.134334
     ],
     [
      79.059998,
      21.134638
     ],
     [
      79.06078,
      21.134998
     ]
    ]
   }
  },
  {
   "type": "Feature",
   "properties": {
    "osm_id": 855296483,
    "waterway": "river",
    "name": "Nag River",
    "name_en": "",
    "tunnel": "culvert",
    "intermittent": ""
   },
   "geometry": {
    "type": "LineString",
    "coordinates": [
     [
      79.049194,
      21.129725
     ],
     [
      79.049306,
      21.12977
     ]
    ]
   }
  },
  {
   "type": "Feature",
   "properties": {
    "osm_id": 876461800,
    "waterway": "stream",
    "name": "",
    "name_en": "",
    "tunnel": "culvert",
    "intermittent": ""
   },
   "geometry": {
    "type": "LineString",
    "coordinates": [
     [
      79.02273,
      21.166989
     ],
     [
      79.022851,
      21.166961
     ]
    ]
   }
  },
  {
   "type": "Feature",
   "properties": {
    "osm_id": 876461801,
    "waterway": "stream",
    "name": "",
    "name_en": "",
    "tunnel": "",
    "intermittent": ""
   },
   "geometry": {
    "type": "LineString",
    "coordinates": [
     [
      79.022851,
      21.166961
     ],
     [
      79.023253,
      21.166879
     ],
     [
      79.023387,
      21.166844
     ],
     [
      79.023559,
      21.166779
     ],
     [
      79.023736,
      21.166729
     ],
     [
      79.024605,
      21.166459
     ],
     [
      79.025034,
      21.166414
     ],
     [
      79.025141,
      21.166399
     ],
     [
      79.025281,
      21.166399
     ],
     [
      79.025399,
      21.166389
     ],
     [
      79.025592,
      21.166404
     ],
     [
      79.026298,
      21.166593
     ]
    ]
   }
  },
  {
   "type": "Feature",
   "properties": {
    "osm_id": 878541713,
    "waterway": "stream",
    "name": "",
    "name_en": "",
    "tunnel": "",
    "intermittent": "yes"
   },
   "geometry": {
    "type": "LineString",
    "coordinates": [
     [
      79.014332,
      21.203964
     ],
     [
      79.014517,
      21.204062
     ],
     [
      79.0147,
      21.204054
     ],
     [
      79.014844,
      21.204003
     ]
    ]
   }
  },
  {
   "type": "Feature",
   "properties": {
    "osm_id": 878541714,
    "waterway": "stream",
    "name": "",
    "name_en": "",
    "tunnel": "culvert",
    "intermittent": "yes"
   },
   "geometry": {
    "type": "LineString",
    "coordinates": [
     [
      79.014209,
      21.203807
     ],
     [
      79.014332,
      21.203964
     ]
    ]
   }
  },
  {
   "type": "Feature",
   "properties": {
    "osm_id": 878541716,
    "waterway": "stream",
    "name": "",
    "name_en": "",
    "tunnel": "culvert",
    "intermittent": "yes"
   },
   "geometry": {
    "type": "LineString",
    "coordinates": [
     [
      79.014844,
      21.204003
     ],
     [
      79.014956,
      21.203967
     ]
    ]
   }
  },
  {
   "type": "Feature",
   "properties": {
    "osm_id": 878541717,
    "waterway": "stream",
    "name": "",
    "name_en": "",
    "tunnel": "",
    "intermittent": "yes"
   },
   "geometry": {
    "type": "LineString",
    "coordinates": [
     [
      79.014956,
      21.203967
     ],
     [
      79.015139,
      21.203899
     ],
     [
      79.015232,
      21.203944
     ],
     [
      79.015307,
      21.204079
     ],
     [
      79.015489,
      21.204394
     ],
     [
      79.01565,
      21.204745
     ],
     [
      79.015807,
      21.204985
     ],
     [
      79.015965,
      21.205165
     ],
     [
      79.016215,
      21.205302
     ],
     [
      79.01651,
      21.20547
     ],
     [
      79.016757,
      21.205557
     ],
     [
      79.017135,
      21.205655
     ],
     [
      79.017298,
      21.205635
     ],
     [
      79.017454,
      21.205582
     ],
     [
      79.017583,
      21.205607
     ],
     [
      79.017712,
      21.205635
     ],
     [
      79.017822,
      21.205672
     ],
     [
      79.018095,
      21.205652
     ],
     [
      79.01828,
      21.205632
     ],
     [
      79.018755,
      21.20555
     ],
     [
      79.019122,
      21.205477
     ],
     [
      79.019485,
      21.205477
     ],
     [
      79.019806,
      21.2054
     ],
     [
      79.020056,
      21.20532
     ],
     [
      79.020241,
      21.205272
     ],
     [
      79.020493,
      21.205225
     ],
     [
      79.020984,
      21.20517
     ]
    ]
   }
  },
  {
   "type": "Feature",
   "properties": {
    "osm_id": 879120531,
    "waterway": "stream",
    "name": "",
    "name_en": "",
    "tunnel": "",
    "intermittent": ""
   },
   "geometry": {
    "type": "LineString",
    "coordinates": [
     [
      79.027919,
      21.166613
     ],
     [
      79.0281,
      21.166571
     ]
    ]
   }
  },
  {
   "type": "Feature",
   "properties": {
    "osm_id": 879120532,
    "waterway": "stream",
    "name": "",
    "name_en": "",
    "tunnel": "culvert",
    "intermittent": ""
   },
   "geometry": {
    "type": "LineString",
    "coordinates": [
     [
      79.027846,
      21.166625
     ],
     [
      79.027919,
      21.166613
     ]
    ]
   }
  },
  {
   "type": "Feature",
   "properties": {
    "osm_id": 879120533,
    "waterway": "stream",
    "name": "",
    "name_en": "",
    "tunnel": "culvert",
    "intermittent": ""
   },
   "geometry": {
    "type": "LineString",
    "coordinates": [
     [
      79.02705,
      21.166781
     ],
     [
      79.02712,
      21.166785
     ]
    ]
   }
  },
  {
   "type": "Feature",
   "properties": {
    "osm_id": 879120534,
    "waterway": "stream",
    "name": "",
    "name_en": "",
    "tunnel": "",
    "intermittent": ""
   },
   "geometry": {
    "type": "LineString",
    "coordinates": [
     [
      79.026368,
      21.166614
     ],
     [
      79.026799,
      21.166739
     ],
     [
      79.02705,
      21.166781
     ]
    ]
   }
  },
  {
   "type": "Feature",
   "properties": {
    "osm_id": 879120535,
    "waterway": "stream",
    "name": "",
    "name_en": "",
    "tunnel": "culvert",
    "intermittent": ""
   },
   "geometry": {
    "type": "LineString",
    "coordinates": [
     [
      79.026298,
      21.166593
     ],
     [
      79.026368,
      21.166614
     ]
    ]
   }
  },
  {
   "type": "Feature",
   "properties": {
    "osm_id": 879120536,
    "waterway": "stream",
    "name": "",
    "name_en": "",
    "tunnel": "",
    "intermittent": ""
   },
   "geometry": {
    "type": "LineString",
    "coordinates": [
     [
      79.02712,
      21.166785
     ],
     [
      79.027846,
      21.166625
     ]
    ]
   }
  },
  {
   "type": "Feature",
   "properties": {
    "osm_id": 880591823,
    "waterway": "river",
    "name": "",
    "name_en": "",
    "tunnel": "",
    "intermittent": ""
   },
   "geometry": {
    "type": "LineString",
    "coordinates": [
     [
      79.092744,
      21.24985
     ],
     [
      79.092735,
      21.249929
     ],
     [
      79.093052,
      21.250075
     ],
     [
      79.093425,
      21.250197
     ],
     [
      79.093521,
      21.250872
     ],
     [
      79.093548,
      21.251142
     ],
     [
      79.093628,
      21.251807
     ],
     [
      79.093531,
      21.252197
     ],
     [
      79.093541,
      21.25232
     ]
    ]
   }
  },
  {
   "type": "Feature",
   "properties": {
    "osm_id": 949007783,
    "waterway": "stream",
    "name": "",
    "name_en": "",
    "tunnel": "",
    "intermittent": ""
   },
   "geometry": {
    "type": "LineString",
    "coordinates": [
     [
      79.117945,
      21.221461
     ],
     [
      79.118847,
      21.221751
     ],
     [
      79.120553,
      21.222291
     ],
     [
      79.121169,
      21.2225
     ],
     [
      79.121397,
      21.222478
     ],
     [
      79.121625,
      21.222311
     ],
     [
      79.121937,
      21.221671
     ],
     [
      79.122248,
      21.221321
     ],
     [
      79.122877,
      21.221281
     ],
     [
      79.123771,
      21.221151
     ],
     [
      79.124426,
      21.220971
     ],
     [
      79.124994,
      21.220601
     ],
     [
      79.125509,
      21.220431
     ],
     [
      79.126271,
      21.220691
     ],
     [
      79.126947,
      21.220871
     ],
     [
      79.127655,
      21.220981
     ],
     [
      79.128245,
      21.220901
     ],
     [
      79.128642,
      21.220501
     ],
     [
      79.129082,
      21.219831
     ],
     [
      79.129382,
      21.219701
     ],
     [
      79.130241,
      21.219581
     ],
     [
      79.130627,
      21.219421
     ],
     [
      79.130766,
      21.219231
     ],
     [
      79.130724,
      21.218801
     ],
     [
      79.13067,
      21.218451
     ],
     [
      79.130788,
      21.218151
     ],
     [
      79.131153,
      21.218011
     ],
     [
      79.131614,
      21.217901
     ],
     [
      79.132204,
      21.218241
     ],
     [
      79.133202,
      21.218431
     ],
     [
      79.134082,
      21.218411
     ],
     [
      79.134715,
      21.218301
     ],
     [
      79.135187,
      21.218081
     ],
     [
      79.135551,
      21.217521
     ],
     [
      79.136088,
      21.217181
     ],
     [
      79.136775,
      21.217071
     ],
     [
      79.137247,
      21.217201
     ],
     [
      79.137565,
      21.21726
     ],
     [
      79.138416,
      21.217421
     ],
     [
      79.139264,
      21.217371
     ],
     [
      79.140551,
      21.217591
     ],
     [
      79.141527,
      21.218441
     ],
     [
      79.142482,
      21.219131
     ],
     [
      79.143405,
      21.219581
     ],
     [
      79.144113,
      21.219531
     ],
     [
      79.144692,
      21.219211
     ],
     [
      79.145551,
      21.219001
     ],
     [
      79.146302,
      21.219291
     ],
     [
      79.146978,
      21.219631
     ],
     [
      79.14775,
      21.219531
     ],
     [
      79.148448,
      21.219021
     ],
     [
      79.148834,
      21.218881
     ],
     [
      79.149488,
      21.219051
     ],
     [
      79.150604,
      21.219621
     ],
     [
      79.151537,
      21.219761
     ],
     [
      79.152632,
      21.219391
     ],
     [
      79.154123,
      21.218961
     ],
     [
      79.15496,
      21.218691
     ],
     [
      79.155604,
      21.218561
     ],
     [
      79.156033,
      21.218801
     ],
     [
      79.156816,
      21.218891
     ],
     [
      79.157739,
      21.218971
     ],
     [
      79.158361,
      21.219351
     ],
     [
      79.158865,
      21.219691
     ],
     [
      79.159069,
      21.219671
     ],
     [
      79.15953,
      21.219961
     ],
     [
      79.159895,
      21.219741
     ],
     [
      79.160228,
      21.219261
     ],
     [
      79.160507,
      21.218731
     ],
     [
      79.161,
      21.218071
     ],
     [
      79.161601,
      21.218051
     ],
     [
      79.162331,
      21.218281
     ],
     [
      79.162996,
      21.218261
     ],
     [
      79.163768,
      21.217941
     ],
     [
      79.164208,
      21.217791
     ],
     [
      79.164678,
      21.217611
     ]
    ]
   }
  },
  {
   "type": "Feature",
   "properties": {
    "osm_id": 968368691,
    "waterway": "stream",
    "name": "",
    "name_en": "",
    "tunnel": "",
    "intermittent": ""
   },
   "geometry": {
    "type": "LineString",
    "coordinates": [
     [
      79.197526,
      21.133624
     ],
     [
      79.197292,
      21.133515
     ],
     [
      79.196639,
      21.133419
     ],
     [
      79.195831,
      21.133406
     ],
     [
      79.19549,
      21.133314
     ],
     [
      79.194649,
      21.133292
     ],
     [
      79.193972,
      21.132739
     ],
     [
      79.193603,
      21.132434
     ],
     [
      79.192931,
      21.132173
     ],
     [
      79.192197,
      21.13206
     ],
     [
      79.191469,
      21.131933
     ],
     [
      79.190997,
      21.131946
     ],
     [
      79.190334,
      21.132212
     ],
     [
      79.189633,
      21.132373
     ],
     [
      79.189078,
      21.13229
     ],
     [
      79.188842,
      21.132166
     ],
     [
      79.188658,
      21.132068
     ],
     [
      79.187745,
      21.132076
     ],
     [
      79.187098,
      21.131868
     ],
     [
      79.186846,
      21.13192
     ],
     [
      79.186234,
      21.131803
     ],
     [
      79.185948,
      21.13167
     ]
    ]
   }
  },
  {
   "type": "Feature",
   "properties": {
    "osm_id": 968368693,
    "waterway": "stream",
    "name": "",
    "name_en": "",
    "tunnel": "",
    "intermittent": ""
   },
   "geometry": {
    "type": "LineString",
    "coordinates": [
     [
      79.185331,
      21.131589
     ],
     [
      79.185003,
      21.131413
     ],
     [
      79.184609,
      21.131302
     ],
     [
      79.183623,
      21.131093
     ],
     [
      79.182731,
      21.130958
     ],
     [
      79.181909,
      21.130866
     ],
     [
      79.181382,
      21.130836
     ],
     [
      79.181151,
      21.130883
     ]
    ]
   }
  },
  {
   "type": "Feature",
   "properties": {
    "osm_id": 968368694,
    "waterway": "stream",
    "name": "",
    "name_en": "",
    "tunnel": "culvert",
    "intermittent": ""
   },
   "geometry": {
    "type": "LineString",
    "coordinates": [
     [
      79.185948,
      21.13167
     ],
     [
      79.185331,
      21.131589
     ]
    ]
   }
  },
  {
   "type": "Feature",
   "properties": {
    "osm_id": 968368695,
    "waterway": "stream",
    "name": "",
    "name_en": "",
    "tunnel": "",
    "intermittent": ""
   },
   "geometry": {
    "type": "LineString",
    "coordinates": [
     [
      79.19918,
      21.134071
     ],
     [
      79.19901,
      21.134101
     ],
     [
      79.198879,
      21.133995
     ],
     [
      79.198645,
      21.133992
     ],
     [
      79.198422,
      21.133843
     ],
     [
      79.198044,
      21.133744
     ],
     [
      79.197729,
      21.133771
     ],
     [
      79.197526,
      21.133624
     ]
    ]
   }
  },
  {
   "type": "Feature",
   "properties": {
    "osm_id": 968368704,
    "waterway": "stream",
    "name": "",
    "name_en": "",
    "tunnel": "",
    "intermittent": ""
   },
   "geometry": {
    "type": "LineString",
    "coordinates": [
     [
      79.170755,
      21.110686
     ],
     [
      79.170446,
      21.110369
     ],
     [
      79.17012,
      21.110088
     ],
     [
      79.170009,
      21.109731
     ],
     [
      79.170064,
      21.109432
     ],
     [
      79.170151,
      21.109317
     ],
     [
      79.17028,
      21.109174
     ],
     [
      79.170633,
      21.109026
     ],
     [
      79.171044,
      21.108669
     ],
     [
      79.170792,
      21.107833
     ],
     [
      79.170521,
      21.107092
     ]
    ]
   }
  },
  {
   "type": "Feature",
   "properties": {
    "osm_id": 968368705,
    "waterway": "stream",
    "name": "",
    "name_en": "",
    "tunnel": "",
    "intermittent": ""
   },
   "geometry": {
    "type": "LineString",
    "coordinates": [
     [
      79.172234,
      21.10179
     ],
     [
      79.172281,
      21.101694
     ],
     [
      79.172027,
      21.101245
     ],
     [
      79.17214,
      21.100849
     ],
     [
      79.172543,
      21.100182
     ],
     [
      79.17347,
      21.099759
     ],
     [
      79.174249,
      21.099482
     ],
     [
      79.174738,
      21.099072
     ],
     [
      79.17575,
      21.098188
     ],
     [
      79.176224,
      21.097593
     ],
     [
      79.176075,
      21.097091
     ],
     [
      79.176174,
      21.096622
     ],
     [
      79.176441,
      21.096077
     ]
    ]
   }
  },
  {
   "type": "Feature",
   "properties": {
    "osm_id": 968368706,
    "waterway": "stream",
    "name": "",
    "name_en": "",
    "tunnel": "",
    "intermittent": ""
   },
   "geometry": {
    "type": "LineString",
    "coordinates": [
     [
      79.170521,
      21.107092
     ],
     [
      79.170441,
      21.106865
     ],
     [
      79.170264,
      21.106403
     ],
     [
      79.169754,
      21.105709
     ],
     [
      79.169634,
      21.105042
     ],
     [
      79.170087,
      21.104771
     ],
     [
      79.170498,
      21.104705
     ],
     [
      79.170675,
      21.10423
     ],
     [
      79.170689,
      21.10349
     ],
     [
      79.170731,
      21.102823
     ],
     [
      79.171021,
      21.102573
     ],
     [
      79.171588,
      21.102302
     ],
     [
      79.172055,
      21.102176
     ],
     [
      79.172145,
      21.101984
     ]
    ]
   }
  },
  {
   "type": "Feature",
   "properties": {
    "osm_id": 968368707,
    "waterway": "stream",
    "name": "",
    "name_en": "",
    "tunnel": "culvert",
    "intermittent": ""
   },
   "geometry": {
    "type": "LineString",
    "coordinates": [
     [
      79.172145,
      21.101984
     ],
     [
      79.172234,
      21.10179
     ]
    ]
   }
  },
  {
   "type": "Feature",
   "properties": {
    "osm_id": 968368708,
    "waterway": "stream",
    "name": "",
    "name_en": "",
    "tunnel": "",
    "intermittent": ""
   },
   "geometry": {
    "type": "LineString",
    "coordinates": [
     [
      79.170636,
      21.113546
     ],
     [
      79.17061,
      21.113614
     ],
     [
      79.170622,
      21.113925
     ],
     [
      79.170769,
      21.114156
     ],
     [
      79.171037,
      21.114384
     ],
     [
      79.171228,
      21.114646
     ],
     [
      79.171289,
      21.114953
     ],
     [
      79.171017,
      21.115192
     ],
     [
      79.170862,
      21.115253
     ],
     [
      79.170362,
      21.1154
     ],
     [
      79.169862,
      21.115529
     ],
     [
      79.16974,
      21.115692
     ],
     [
      79.169826,
      21.116087
     ],
     [
      79.169972,
      21.116572
     ],
     [
      79.170025,
      21.116914
     ],
     [
      79.169907,
      21.117077
     ],
     [
      79.169586,
      21.117213
     ],
     [
      79.169317,
      21.117475
     ],
     [
      79.169045,
      21.117892
     ],
     [
      79.168817,
      21.118241
     ],
     [
      79.168651,
      21.118548
     ],
     [
      79.167988,
      21.119049
     ],
     [
      79.167687,
      21.119371
     ],
     [
      79.167325,
      21.119712
     ],
     [
      79.166825,
      21.119951
     ],
     [
      79.166431,
      21.120038
     ],
     [
      79.166195,
      21.119853
     ],
     [
      79.165768,
      21.119826
     ],
     [
      79.165207,
      21.120012
     ],
     [
      79.164935,
      21.1203
     ],
     [
      79.164813,
      21.120513
     ],
     [
      79.164898,
      21.120714
     ],
     [
      79.165073,
      21.121093
     ],
     [
      79.165105,
      21.121309
     ],
     [
      79.164992,
      21.121483
     ],
     [
      79.164309,
      21.121737
     ],
     [
      79.163898,
      21.121692
     ],
     [
      79.163646,
      21.121563
     ],
     [
      79.163483,
      21.121639
     ],
     [
      79.163548,
      21.121851
     ],
     [
      79.163386,
      21.122071
     ],
     [
      79.163609,
      21.122242
     ],
     [
      79.164061,
      21.122633
     ],
     [
      79.164061,
      21.122849
     ],
     [
      79.163618,
      21.123046
     ],
     [
      79.163443,
      21.123099
     ],
     [
      79.1633,
      21.123444
     ],
     [
      79.16339,
      21.123554
     ],
     [
      79.163447,
      21.12366
     ],
     [
      79.163492,
      21.124146
     ],
     [
      79.163467,
      21.124332
     ],
     [
      79.163494,
      21.124438
     ]
    ]
   }
  },
  {
   "type": "Feature",
   "properties": {
    "osm_id": 968368709,
    "waterway": "stream",
    "name": "",
    "name_en": "",
    "tunnel": "",
    "intermittent": ""
   },
   "geometry": {
    "type": "LineString",
    "coordinates": [
     [
      79.163522,
      21.124547
     ],
     [
      79.163548,
      21.12465
     ],
     [
      79.163337,
      21.124931
     ],
     [
      79.163134,
      21.125211
     ],
     [
      79.163117,
      21.12534
     ],
     [
      79.163061,
      21.125393
     ]
    ]
   }
  },
  {
   "type": "Feature",
   "properties": {
    "osm_id": 968368710,
    "waterway": "stream",
    "name": "",
    "name_en": "",
    "tunnel": "culvert",
    "intermittent": ""
   },
   "geometry": {
    "type": "LineString",
    "coordinates": [
     [
      79.163494,
      21.124438
     ],
     [
      79.163522,
      21.124547
     ]
    ]
   }
  },
  {
   "type": "Feature",
   "properties": {
    "osm_id": 968368711,
    "waterway": "stream",
    "name": "",
    "name_en": "",
    "tunnel": "",
    "intermittent": ""
   },
   "geometry": {
    "type": "LineString",
    "coordinates": [
     [
      79.170755,
      21.110686
     ],
     [
      79.170834,
      21.11088
     ],
     [
      79.170691,
      21.111138
     ],
     [
      79.170362,
      21.111323
     ],
     [
      79.169972,
      21.1116
     ],
     [
      79.169939,
      21.111782
     ],
     [
      79.170021,
      21.11201
     ],
     [
      79.170232,
      21.11204
     ],
     [
      79.170496,
      21.111964
     ],
     [
      79.170789,
      21.111892
     ],
     [
      79.171,
      21.111991
     ],
     [
      79.171163,
      21.112196
     ],
     [
      79.171086,
      21.11251
     ],
     [
      79.170964,
      21.112776
     ],
     [
      79.170728,
      21.113148
     ],
     [
      79.170614,
      21.113315
     ],
     [
      79.170613,
      21.113389
     ]
    ]
   }
  },
  {
   "type": "Feature",
   "properties": {
    "osm_id": 968368712,
    "waterway": "stream",
    "name": "",
    "name_en": "",
    "tunnel": "culvert",
    "intermittent": ""
   },
   "geometry": {
    "type": "LineString",
    "coordinates": [
     [
      79.170613,
      21.113389
     ],
     [
      79.170636,
      21.113546
     ]
    ]
   }
  },
  {
   "type": "Feature",
   "properties": {
    "osm_id": 1012937961,
    "waterway": "drain",
    "name": "",
    "name_en": "",
    "tunnel": "",
    "intermittent": ""
   },
   "geometry": {
    "type": "LineString",
    "coordinates": [
     [
      79.126008,
      21.176749
     ],
     [
      79.126435,
      21.176854
     ],
     [
      79.126675,
      21.177006
     ],
     [
      79.127044,
      21.17771
     ],
     [
      79.127774,
      21.178126
     ],
     [
      79.128168,
      21.178438
     ],
     [
      79.128546,
      21.17855
     ],
     [
      79.128872,
      21.17847
     ],
     [
      79.129396,
      21.17815
     ],
     [
      79.129645,
      21.17775
     ],
     [
      79.129936,
      21.17763
     ],
     [
      79.130039,
      21.17715
     ],
     [
      79.130323,
      21.176926
     ],
     [
      79.130494,
      21.176918
     ],
     [
      79.130777,
      21.17703
     ],
     [
      79.131164,
      21.177558
     ],
     [
      79.13131,
      21.177862
     ],
     [
      79.131859,
      21.178238
     ],
     [
      79.132116,
      21.178574
     ],
     [
      79.132358,
      21.179148
     ],
     [
      79.132734,
      21.179511
     ],
     [
      79.132951,
      21.179938
     ]
    ]
   }
  },
  {
   "type": "Feature",
   "properties": {
    "osm_id": 1012937962,
    "waterway": "drain",
    "name": "",
    "name_en": "",
    "tunnel": "culvert",
    "intermittent": ""
   },
   "geometry": {
    "type": "LineString",
    "coordinates": [
     [
      79.116914,
      21.175174
     ],
     [
      79.117206,
      21.175149
     ]
    ]
   }
  },
  {
   "type": "Feature",
   "properties": {
    "osm_id": 1012943513,
    "waterway": "drain",
    "name": "",
    "name_en": "",
    "tunnel": "",
    "intermittent": ""
   },
   "geometry": {
    "type": "LineString",
    "coordinates": [
     [
      79.117206,
      21.175149
     ],
     [
      79.117551,
      21.175125
     ],
     [
      79.119328,
      21.174813
     ],
     [
      79.120383,
      21.174725
     ],
     [
      79.121182,
      21.174965
     ],
     [
      79.121782,
      21.175133
     ],
     [
      79.123044,
      21.175637
     ],
     [
      79.123757,
      21.176021
     ],
     [
      79.12416,
      21.176069
     ],
     [
      79.125439,
      21.176613
     ],
     [
      79.125662,
      21.176672
     ]
    ]
   }
  },
  {
   "type": "Feature",
   "properties": {
    "osm_id": 1012943514,
    "waterway": "drain",
    "name": "",
    "name_en": "",
    "tunnel": "culvert",
    "intermittent": ""
   },
   "geometry": {
    "type": "LineString",
    "coordinates": [
     [
      79.125662,
      21.176672
     ],
     [
      79.126008,
      21.176749
     ]
    ]
   }
  },
  {
   "type": "Feature",
   "properties": {
    "osm_id": 1120259214,
    "waterway": "drain",
    "name": "",
    "name_en": "",
    "tunnel": "",
    "intermittent": ""
   },
   "geometry": {
    "type": "LineString",
    "coordinates": [
     [
      79.143382,
      21.1605
     ],
     [
      79.143525,
      21.160515
     ],
     [
      79.143967,
      21.160605
     ]
    ]
   }
  },
  {
   "type": "Feature",
   "properties": {
    "osm_id": 1120259215,
    "waterway": "drain",
    "name": "",
    "name_en": "",
    "tunnel": "culvert",
    "intermittent": ""
   },
   "geometry": {
    "type": "LineString",
    "coordinates": [
     [
      79.144359,
      21.160684
     ],
     [
      79.144477,
      21.160708
     ]
    ]
   }
  },
  {
   "type": "Feature",
   "properties": {
    "osm_id": 1120259216,
    "waterway": "drain",
    "name": "",
    "name_en": "",
    "tunnel": "",
    "intermittent": ""
   },
   "geometry": {
    "type": "LineString",
    "coordinates": [
     [
      79.144111,
      21.160634
     ],
     [
      79.144359,
      21.160684
     ]
    ]
   }
  },
  {
   "type": "Feature",
   "properties": {
    "osm_id": 1120259217,
    "waterway": "drain",
    "name": "",
    "name_en": "",
    "tunnel": "culvert",
    "intermittent": ""
   },
   "geometry": {
    "type": "LineString",
    "coordinates": [
     [
      79.143967,
      21.160605
     ],
     [
      79.144111,
      21.160634
     ]
    ]
   }
  },
  {
   "type": "Feature",
   "properties": {
    "osm_id": 1120259218,
    "waterway": "drain",
    "name": "",
    "name_en": "",
    "tunnel": "",
    "intermittent": ""
   },
   "geometry": {
    "type": "LineString",
    "coordinates": [
     [
      79.144477,
      21.160708
     ],
     [
      79.144837,
      21.160781
     ]
    ]
   }
  },
  {
   "type": "Feature",
   "properties": {
    "osm_id": 1120259219,
    "waterway": "drain",
    "name": "",
    "name_en": "",
    "tunnel": "culvert",
    "intermittent": ""
   },
   "geometry": {
    "type": "LineString",
    "coordinates": [
     [
      79.144837,
      21.160781
     ],
     [
      79.144954,
      21.160805
     ]
    ]
   }
  },
  {
   "type": "Feature",
   "properties": {
    "osm_id": 1120259220,
    "waterway": "drain",
    "name": "",
    "name_en": "",
    "tunnel": "culvert",
    "intermittent": ""
   },
   "geometry": {
    "type": "LineString",
    "coordinates": [
     [
      79.144954,
      21.160805
     ],
     [
      79.146931,
      21.161206
     ]
    ]
   }
  },
  {
   "type": "Feature",
   "properties": {
    "osm_id": 1120259221,
    "waterway": "drain",
    "name": "",
    "name_en": "",
    "tunnel": "",
    "intermittent": ""
   },
   "geometry": {
    "type": "LineString",
    "coordinates": [
     [
      79.146931,
      21.161206
     ],
     [
      79.14697,
      21.161214
     ],
     [
      79.148184,
      21.161288
     ]
    ]
   }
  },
  {
   "type": "Feature",
   "properties": {
    "osm_id": 1120259222,
    "waterway": "drain",
    "name": "",
    "name_en": "",
    "tunnel": "culvert",
    "intermittent": ""
   },
   "geometry": {
    "type": "LineString",
    "coordinates": [
     [
      79.148184,
      21.161288
     ],
     [
      79.148323,
      21.161297
     ]
    ]
   }
  },
  {
   "type": "Feature",
   "properties": {
    "osm_id": 1120259223,
    "waterway": "drain",
    "name": "",
    "name_en": "",
    "tunnel": "",
    "intermittent": ""
   },
   "geometry": {
    "type": "LineString",
    "coordinates": [
     [
      79.148323,
      21.161297
     ],
     [
      79.150777,
      21.161448
     ],
     [
      79.151196,
      21.161704
     ],
     [
      79.151409,
      21.161917
     ],
     [
      79.151582,
      21.161979
     ]
    ]
   }
  },
  {
   "type": "Feature",
   "properties": {
    "osm_id": 1120259224,
    "waterway": "drain",
    "name": "",
    "name_en": "",
    "tunnel": "culvert",
    "intermittent": ""
   },
   "geometry": {
    "type": "LineString",
    "coordinates": [
     [
      79.151582,
      21.161979
     ],
     [
      79.151645,
      21.162002
     ]
    ]
   }
  },
  {
   "type": "Feature",
   "properties": {
    "osm_id": 1146064839,
    "waterway": "stream",
    "name": "",
    "name_en": "",
    "tunnel": "",
    "intermittent": ""
   },
   "geometry": {
    "type": "LineString",
    "coordinates": [
     [
      79.078121,
      21.142939
     ],
     [
      79.078392,
      21.143224
     ],
     [
      79.078525,
      21.143306
     ],
     [
      79.078695,
      21.143328
     ],
     [
      79.078887,
      21.143275
     ],
     [
      79.079107,
      21.143143
     ],
     [
      79.079585,
      21.143203
     ],
     [
      79.07987,
      21.143071
     ],
     [
      79.079973,
      21.142829
     ],
     [
      79.080167,
      21.142287
     ],
     [
      79.080296,
      21.142154
     ]
    ]
   }
  },
  {
   "type": "Feature",
   "properties": {
    "osm_id": 1146064840,
    "waterway": "stream",
    "name": "",
    "name_en": "",
    "tunnel": "culvert",
    "intermittent": ""
   },
   "geometry": {
    "type": "LineString",
    "coordinates": [
     [
      79.077913,
      21.142832
     ],
     [
      79.078017,
      21.142885
     ],
     [
      79.078121,
      21.142939
     ]
    ]
   }
  },
  {
   "type": "Feature",
   "properties": {
    "osm_id": 1188575250,
    "waterway": "drain",
    "name": "",
    "name_en": "",
    "tunnel": "",
    "intermittent": ""
   },
   "geometry": {
    "type": "LineString",
    "coordinates": [
     [
      79.127114,
      21.182741
     ],
     [
      79.127327,
      21.182947
     ],
     [
      79.127476,
      21.183096
     ]
    ]
   }
  },
  {
   "type": "Feature",
   "properties": {
    "osm_id": 1196314349,
    "waterway": "stream",
    "name": "",
    "name_en": "",
    "tunnel": "culvert",
    "intermittent": ""
   },
   "geometry": {
    "type": "LineString",
    "coordinates": [
     [
      79.137858,
      21.199125
     ],
     [
      79.137752,
      21.199273
     ]
    ]
   }
  },
  {
   "type": "Feature",
   "properties": {
    "osm_id": 1196314350,
    "waterway": "stream",
    "name": "",
    "name_en": "",
    "tunnel": "culvert",
    "intermittent": ""
   },
   "geometry": {
    "type": "LineString",
    "coordinates": [
     [
      79.137959,
      21.198986
     ],
     [
      79.137878,
      21.199097
     ]
    ]
   }
  },
  {
   "type": "Feature",
   "properties": {
    "osm_id": 1196314351,
    "waterway": "stream",
    "name": "",
    "name_en": "",
    "tunnel": "",
    "intermittent": ""
   },
   "geometry": {
    "type": "LineString",
    "coordinates": [
     [
      79.137752,
      21.199273
     ],
     [
      79.137708,
      21.199332
     ]
    ]
   }
  },
  {
   "type": "Feature",
   "properties": {
    "osm_id": 1196314352,
    "waterway": "stream",
    "name": "",
    "name_en": "",
    "tunnel": "",
    "intermittent": ""
   },
   "geometry": {
    "type": "LineString",
    "coordinates": [
     [
      79.137878,
      21.199097
     ],
     [
      79.137858,
      21.199125
     ]
    ]
   }
  },
  {
   "type": "Feature",
   "properties": {
    "osm_id": 1196314353,
    "waterway": "stream",
    "name": "",
    "name_en": "",
    "tunnel": "",
    "intermittent": ""
   },
   "geometry": {
    "type": "LineString",
    "coordinates": [
     [
      79.130718,
      21.196841
     ],
     [
      79.130884,
      21.196661
     ],
     [
      79.131002,
      21.196361
     ],
     [
      79.131254,
      21.196046
     ],
     [
      79.131888,
      21.195611
     ],
     [
      79.132301,
      21.195345
     ],
     [
      79.132526,
      21.19537
     ],
     [
      79.132655,
      21.195225
     ],
     [
      79.132826,
      21.195255
     ],
     [
      79.132998,
      21.19539
     ],
     [
      79.133295,
      21.195592
     ],
     [
      79.133402,
      21.195606
     ],
     [
      79.133484,
      21.195569
     ]
    ]
   }
  },
  {
   "type": "Feature",
   "properties": {
    "osm_id": 1196314354,
    "waterway": "stream",
    "name": "",
    "name_en": "",
    "tunnel": "culvert",
    "intermittent": ""
   },
   "geometry": {
    "type": "LineString",
    "coordinates": [
     [
      79.133484,
      21.195569
     ],
     [
      79.133683,
      21.195353
     ]
    ]
   }
  },
  {
   "type": "Feature",
   "properties": {
    "osm_id": 1196683222,
    "waterway": "drain",
    "name": "",
    "name_en": "",
    "tunnel": "",
    "intermittent": ""
   },
   "geometry": {
    "type": "LineString",
    "coordinates": [
     [
      79.107801,
      21.185864
     ],
     [
      79.108101,
      21.185903
     ],
     [
      79.108176,
      21.185913
     ],
     [
      79.108499,
      21.186002
     ],
     [
      79.108926,
      21.186055
     ],
     [
      79.109142,
      21.186083
     ],
     [
      79.109341,
      21.186132
     ]
    ]
   }
  },
  {
   "type": "Feature",
   "properties": {
    "osm_id": 1196683223,
    "waterway": "drain",
    "name": "",
    "name_en": "",
    "tunnel": "culvert",
    "intermittent": ""
   },
   "geometry": {
    "type": "LineString",
    "coordinates": [
     [
      79.107524,
      21.185742
     ],
     [
      79.107597,
      21.185837
     ]
    ]
   }
  },
  {
   "type": "Feature",
   "properties": {
    "osm_id": 1196683224,
    "waterway": "drain",
    "name": "",
    "name_en": "",
    "tunnel": "culvert",
    "intermittent": ""
   },
   "geometry": {
    "type": "LineString",
    "coordinates": [
     [
      79.107695,
      21.18585
     ],
     [
      79.107801,
      21.185864
     ]
    ]
   }
  },
  {
   "type": "Feature",
   "properties": {
    "osm_id": 1196683225,
    "waterway": "drain",
    "name": "",
    "name_en": "",
    "tunnel": "",
    "intermittent": ""
   },
   "geometry": {
    "type": "LineString",
    "coordinates": [
     [
      79.107597,
      21.185837
     ],
     [
      79.107695,
      21.18585
     ]
    ]
   }
  },
  {
   "type": "Feature",
   "properties": {
    "osm_id": 1197032271,
    "waterway": "stream",
    "name": "",
    "name_en": "",
    "tunnel": "",
    "intermittent": ""
   },
   "geometry": {
    "type": "LineString",
    "coordinates": [
     [
      79.133683,
      21.195353
     ],
     [
      79.133776,
      21.195322
     ],
     [
      79.134028,
      21.195315
     ],
     [
      79.1342,
      21.195221
     ],
     [
      79.13428,
      21.195065
     ],
     [
      79.134264,
      21.194865
     ],
     [
      79.134092,
      21.19455
     ],
     [
      79.133749,
      21.194245
     ],
     [
      79.133583,
      21.19393
     ],
     [
      79.133508,
      21.193645
     ],
     [
      79.133615,
      21.19347
     ],
     [
      79.133931,
      21.19349
     ],
     [
      79.13435,
      21.19378
     ],
     [
      79.134768,
      21.194075
     ],
     [
      79.135117,
      21.194215
     ],
     [
      79.13553,
      21.19413
     ],
     [
      79.13567,
      21.19404
     ],
     [
      79.135732,
      21.194061
     ]
    ]
   }
  },
  {
   "type": "Feature",
   "properties": {
    "osm_id": 1197032272,
    "waterway": "stream",
    "name": "",
    "name_en": "",
    "tunnel": "culvert",
    "intermittent": ""
   },
   "geometry": {
    "type": "LineString",
    "coordinates": [
     [
      79.135732,
      21.194061
     ],
     [
      79.135839,
      21.194095
     ]
    ]
   }
  },
  {
   "type": "Feature",
   "properties": {
    "osm_id": 1197257875,
    "waterway": "drain",
    "name": "",
    "name_en": "",
    "tunnel": "",
    "intermittent": ""
   },
   "geometry": {
    "type": "LineString",
    "coordinates": [
     [
      79.098237,
      21.12081
     ],
     [
      79.097958,
      21.121042
     ],
     [
      79.097853,
      21.121079
     ]
    ]
   }
  },
  {
   "type": "Feature",
   "properties": {
    "osm_id": 1197257876,
    "waterway": "drain",
    "name": "",
    "name_en": "",
    "tunnel": "culvert",
    "intermittent": ""
   },
   "geometry": {
    "type": "LineString",
    "coordinates": [
     [
      79.098347,
      21.120719
     ],
     [
      79.098237,
      21.12081
     ]
    ]
   }
  },
  {
   "type": "Feature",
   "properties": {
    "osm_id": 1197257879,
    "waterway": "drain",
    "name": "",
    "name_en": "",
    "tunnel": "",
    "intermittent": ""
   },
   "geometry": {
    "type": "LineString",
    "coordinates": [
     [
      79.098973,
      21.119516
     ],
     [
      79.098974,
      21.119538
     ],
     [
      79.09899,
      21.119605
     ],
     [
      79.098995,
      21.119693
     ],
     [
      79.099002,
      21.11976
     ],
     [
      79.098952,
      21.119807
     ],
     [
      79.098735,
      21.120238
     ],
     [
      79.09872,
      21.120341
     ],
     [
      79.098713,
      21.120383
     ],
     [
      79.098663,
      21.120457
     ],
     [
      79.098347,
      21.120719
     ]
    ]
   }
  },
  {
   "type": "Feature",
   "properties": {
    "osm_id": 1197257880,
    "waterway": "drain",
    "name": "",
    "name_en": "",
    "tunnel": "culvert",
    "intermittent": ""
   },
   "geometry": {
    "type": "LineString",
    "coordinates": [
     [
      79.098967,
      21.119417
     ],
     [
      79.098973,
      21.119516
     ]
    ]
   }
  },
  {
   "type": "Feature",
   "properties": {
    "osm_id": 1197878059,
    "waterway": "drain",
    "name": "",
    "name_en": "",
    "tunnel": "",
    "intermittent": ""
   },
   "geometry": {
    "type": "LineString",
    "coordinates": [
     [
      79.096557,
      21.161541
     ],
     [
      79.096556,
      21.161607
     ],
     [
      79.09652,
      21.161723
     ],
     [
      79.096419,
      21.161807
     ],
     [
      79.096295,
      21.161907
     ],
     [
      79.096255,
      21.162067
     ]
    ]
   }
  },
  {
   "type": "Feature",
   "properties": {
    "osm_id": 1197878060,
    "waterway": "drain",
    "name": "",
    "name_en": "",
    "tunnel": "culvert",
    "intermittent": ""
   },
   "geometry": {
    "type": "LineString",
    "coordinates": [
     [
      79.096255,
      21.162067
     ],
     [
      79.096173,
      21.162249
     ]
    ]
   }
  },
  {
   "type": "Feature",
   "properties": {
    "osm_id": 1198625317,
    "waterway": "river",
    "name": "",
    "name_en": "",
    "tunnel": "",
    "intermittent": ""
   },
   "geometry": {
    "type": "LineString",
    "coordinates": [
     [
      79.087555,
      21.245848
     ],
     [
      79.086683,
      21.245914
     ],
     [
      79.086422,
      21.245974
     ],
     [
      79.0862,
      21.246087
     ],
     [
      79.08558,
      21.246516
     ],
     [
      79.085534,
      21.246588
     ]
    ]
   }
  },
  {
   "type": "Feature",
   "properties": {
    "osm_id": 1198625318,
    "waterway": "river",
    "name": "",
    "name_en": "",
    "tunnel": "culvert",
    "intermittent": ""
   },
   "geometry": {
    "type": "LineString",
    "coordinates": [
     [
      79.085534,
      21.246588
     ],
     [
      79.08554,
      21.246666
     ]
    ]
   }
  },
  {
   "type": "Feature",
   "properties": {
    "osm_id": 1198625319,
    "waterway": "river",
    "name": "",
    "name_en": "",
    "tunnel": "",
    "intermittent": ""
   },
   "geometry": {
    "type": "LineString",
    "coordinates": [
     [
      79.085708,
      21.248605
     ],
     [
      79.085797,
      21.24944
     ]
    ]
   }
  },
  {
   "type": "Feature",
   "properties": {
    "osm_id": 1198625320,
    "waterway": "river",
    "name": "",
    "name_en": "",
    "tunnel": "culvert",
    "intermittent": ""
   },
   "geometry": {
    "type": "LineString",
    "coordinates": [
     [
      79.085701,
      21.248544
     ],
     [
      79.085708,
      21.248605
     ]
    ]
   }
  },
  {
   "type": "Feature",
   "properties": {
    "osm_id": 1214779578,
    "waterway": "stream",
    "name": "",
    "name_en": "",
    "tunnel": "",
    "intermittent": ""
   },
   "geometry": {
    "type": "LineString",
    "coordinates": [
     [
      79.187081,
      21.211427
     ],
     [
      79.187136,
      21.21149
     ],
     [
      79.187313,
      21.21167
     ],
     [
      79.187463,
      21.21179
     ],
     [
      79.187484,
      21.211995
     ],
     [
      79.187533,
      21.212215
     ],
     [
      79.187795,
      21.212345
     ],
     [
      79.187854,
      21.212365
     ]
    ]
   }
  },
  {
   "type": "Feature",
   "properties": {
    "osm_id": 1214779579,
    "waterway": "stream",
    "name": "",
    "name_en": "",
    "tunnel": "culvert",
    "intermittent": ""
   },
   "geometry": {
    "type": "LineString",
    "coordinates": [
     [
      79.187011,
      21.211347
     ],
     [
      79.187081,
      21.211427
     ]
    ]
   }
  },
  {
   "type": "Feature",
   "properties": {
    "osm_id": 1214779580,
    "waterway": "stream",
    "name": "",
    "name_en": "",
    "tunnel": "",
    "intermittent": ""
   },
   "geometry": {
    "type": "LineString",
    "coordinates": [
     [
      79.187956,
      21.2124
     ],
     [
      79.188171,
      21.212475
     ],
     [
      79.188365,
      21.212548
     ]
    ]
   }
  },
  {
   "type": "Feature",
   "properties": {
    "osm_id": 1214779581,
    "waterway": "stream",
    "name": "",
    "name_en": "",
    "tunnel": "culvert",
    "intermittent": ""
   },
   "geometry": {
    "type": "LineString",
    "coordinates": [
     [
      79.187854,
      21.212365
     ],
     [
      79.187956,
      21.2124
     ]
    ]
   }
  },
  {
   "type": "Feature",
   "properties": {
    "osm_id": 1225632169,
    "waterway": "stream",
    "name": "",
    "name_en": "",
    "tunnel": "",
    "intermittent": ""
   },
   "geometry": {
    "type": "LineString",
    "coordinates": [
     [
      79.096347,
      21.088844
     ],
     [
      79.096387,
      21.088836
     ]
    ]
   }
  },
  {
   "type": "Feature",
   "properties": {
    "osm_id": 1257040611,
    "waterway": "drain",
    "name": "",
    "name_en": "",
    "tunnel": "",
    "intermittent": ""
   },
   "geometry": {
    "type": "LineString",
    "coordinates": [
     [
      79.075936,
      21.237258
     ],
     [
      79.076116,
      21.237137
     ],
     [
      79.07635,
      21.237114
     ],
     [
      79.076633,
      21.237151
     ],
     [
      79.076862,
      21.237245
     ],
     [
      79.076987,
      21.237368
     ],
     [
      79.077006,
      21.237542
     ],
     [
      79.076961,
      21.237694
     ],
     [
      79.076895,
      21.237869
     ],
     [
      79.076851,
      21.238049
     ],
     [
      79.076765,
      21.238215
     ],
     [
      79.076716,
      21.238406
     ],
     [
      79.076673,
      21.238497
     ],
     [
      79.076672,
      21.238598
     ],
     [
      79.076706,
      21.238703
     ],
     [
      79.076671,
      21.238811
     ],
     [
      79.076643,
      21.238922
     ],
     [
      79.076665,
      21.2391
     ],
     [
      79.076753,
      21.239419
     ],
     [
      79.076802,
      21.23959
     ],
     [
      79.076812,
      21.239783
     ],
     [
      79.076875,
      21.239894
     ],
     [
      79.076835,
      21.240045
     ],
     [
      79.076724,
      21.240177
     ],
     [
      79.076646,
      21.240298
     ],
     [
      79.076578,
      21.240313
     ],
     [
      79.076436,
      21.240229
     ],
     [
      79.076241,
      21.240125
     ],
     [
      79.076124,
      21.240099
     ],
     [
      79.076041,
      21.240093
     ],
     [
      79.075929,
      21.240173
     ],
     [
      79.075873,
      21.240288
     ],
     [
      79.07584,
      21.240401
     ],
     [
      79.075901,
      21.24056
     ],
     [
      79.076025,
      21.240651
     ],
     [
      79.076175,
      21.240756
     ],
     [
      79.076253,
      21.240831
     ]
    ]
   }
  },
  {
   "type": "Feature",
   "properties": {
    "osm_id": 1303864981,
    "waterway": "drain",
    "name": "",
    "name_en": "",
    "tunnel": "",
    "intermittent": ""
   },
   "geometry": {
    "type": "LineString",
    "coordinates": [
     [
      79.125954,
      21.162994
     ],
     [
      79.126173,
      21.163116
     ],
     [
      79.126541,
      21.163349
     ]
    ]
   }
  },
  {
   "type": "Feature",
   "properties": {
    "osm_id": 1303864982,
    "waterway": "drain",
    "name": "",
    "name_en": "",
    "tunnel": "culvert",
    "intermittent": ""
   },
   "geometry": {
    "type": "LineString",
    "coordinates": [
     [
      79.127069,
      21.163584
     ],
     [
      79.127224,
      21.163663
     ]
    ]
   }
  },
  {
   "type": "Feature",
   "properties": {
    "osm_id": 1303864983,
    "waterway": "drain",
    "name": "",
    "name_en": "",
    "tunnel": "",
    "intermittent": ""
   },
   "geometry": {
    "type": "LineString",
    "coordinates": [
     [
      79.126609,
      21.163379
     ],
     [
      79.127069,
      21.163584
     ]
    ]
   }
  },
  {
   "type": "Feature",
   "properties": {
    "osm_id": 1303864984,
    "waterway": "drain",
    "name": "",
    "name_en": "",
    "tunnel": "culvert",
    "intermittent": ""
   },
   "geometry": {
    "type": "LineString",
    "coordinates": [
     [
      79.126541,
      21.163349
     ],
     [
      79.126609,
      21.163379
     ]
    ]
   }
  },
  {
   "type": "Feature",
   "properties": {
    "osm_id": 1304588937,
    "waterway": "drain",
    "name": "",
    "name_en": "",
    "tunnel": "",
    "intermittent": ""
   },
   "geometry": {
    "type": "LineString",
    "coordinates": [
     [
      79.100273,
      21.117586
     ],
     [
      79.100168,
      21.117641
     ],
     [
      79.100114,
      21.117696
     ],
     [
      79.099922,
      21.117732
     ],
     [
      79.099839,
      21.117753
     ],
     [
      79.099734,
      21.117793
     ]
    ]
   }
  },
  {
   "type": "Feature",
   "properties": {
    "osm_id": 1304588938,
    "waterway": "drain",
    "name": "",
    "name_en": "",
    "tunnel": "culvert",
    "intermittent": ""
   },
   "geometry": {
    "type": "LineString",
    "coordinates": [
     [
      79.100317,
      21.117562
     ],
     [
      79.100273,
      21.117586
     ]
    ]
   }
  },
  {
   "type": "Feature",
   "properties": {
    "osm_id": 1304590212,
    "waterway": "drain",
    "name": "",
    "name_en": "",
    "tunnel": "",
    "intermittent": ""
   },
   "geometry": {
    "type": "LineString",
    "coordinates": [
     [
      79.100421,
      21.117519
     ],
     [
      79.100317,
      21.117562
     ]
    ]
   }
  },
  {
   "type": "Feature",
   "properties": {
    "osm_id": 1304590213,
    "waterway": "drain",
    "name": "",
    "name_en": "",
    "tunnel": "culvert",
    "intermittent": ""
   },
   "geometry": {
    "type": "LineString",
    "coordinates": [
     [
      79.100484,
      21.117494
     ],
     [
      79.100421,
      21.117519
     ]
    ]
   }
  },
  {
   "type": "Feature",
   "properties": {
    "osm_id": 1351976961,
    "waterway": "river",
    "name": "",
    "name_en": "",
    "tunnel": "culvert",
    "intermittent": ""
   },
   "geometry": {
    "type": "LineString",
    "coordinates": [
     [
      79.085847,
      21.249854
     ],
     [
      79.085866,
      21.250012
     ],
     [
      79.085912,
      21.250728
     ]
    ]
   }
  },
  {
   "type": "Feature",
   "properties": {
    "osm_id": 1426591554,
    "waterway": "dam",
    "name": "",
    "name_en": "",
    "tunnel": "",
    "intermittent": ""
   },
   "geometry": {
    "type": "LineString",
    "coordinates": [
     [
      79.113543,
      21.105946
     ],
     [
      79.113689,
      21.105928
     ],
     [
      79.113704,
      21.106018
     ],
     [
      79.113622,
      21.106024
     ],
     [
      79.113618,
      21.106012
     ],
     [
      79.113556,
      21.106017
     ],
     [
      79.113543,
      21.105946
     ]
    ]
   }
  },
  {
   "type": "Feature",
   "properties": {
    "osm_id": 1435857644,
    "waterway": "stream",
    "name": "",
    "name_en": "",
    "tunnel": "",
    "intermittent": ""
   },
   "geometry": {
    "type": "LineString",
    "coordinates": [
     [
      79.083622,
      21.211794
     ],
     [
      79.083701,
      21.21175
     ],
     [
      79.083799,
      21.211724
     ],
     [
      79.083858,
      21.211684
     ],
     [
      79.083934,
      21.21165
     ],
     [
      79.084037,
      21.211608
     ],
     [
      79.084164,
      21.21157
     ],
     [
      79.08424,
      21.211517
     ],
     [
      79.084281,
      21.211427
     ],
     [
      79.08429,
      21.211321
     ],
     [
      79.084266,
      21.211204
     ],
     [
      79.084215,
      21.211127
     ],
     [
      79.084153,
      21.211088
     ],
     [
      79.084063,
      21.211082
     ],
     [
      79.083996,
      21.211049
     ],
     [
      79.08395,
      21.210953
     ],
     [
      79.083943,
      21.21078
     ],
     [
      79.083982,
      21.210535
     ],
     [
      79.084095,
      21.210243
     ],
     [
      79.084227,
      21.209982
     ],
     [
      79.084301,
      21.20973
     ],
     [
      79.084376,
      21.209591
     ],
     [
      79.084369,
      21.209292
     ],
     [
      79.084345,
      21.209141
     ],
     [
      79.084346,
      21.20897
     ],
     [
      79.084318,
      21.208742
     ],
     [
      79.084332,
      21.208616
     ],
     [
      79.084408,
      21.208557
     ],
     [
      79.084547,
      21.208561
     ],
     [
      79.085158,
      21.208572
     ],
     [
      79.085637,
      21.208655
     ],
     [
      79.085803,
      21.208617
     ],
     [
      79.085964,
      21.208412
     ],
     [
      79.086074,
      21.208302
     ],
     [
      79.086297,
      21.208119
     ],
     [
      79.086649,
      21.207779
     ],
     [
      79.086981,
      21.207466
     ],
     [
      79.087157,
      21.207322
     ],
     [
      79.087528,
      21.207191
     ],
     [
      79.087753,
      21.20707
     ],
     [
      79.087957,
      21.206887
     ],
     [
      79.08817,
      21.206641
     ],
     [
      79.088324,
      21.206458
     ],
     [
      79.08852,
      21.206211
     ],
     [
      79.088598,
      21.206034
     ],
     [
      79.088727,
      21.20569
     ],
     [
      79.088745,
      21.205479
     ],
     [
      79.088735,
      21.205178
     ],
     [
      79.088697,
      21.205052
     ],
     [
      79.08877,
      21.204873
     ],
     [
      79.088877,
      21.204816
     ],
     [
      79.08928,
      21.204818
     ],
     [
      79.089447,
      21.204897
     ],
     [
      79.089628,
      21.205055
     ],
     [
      79.089843,
      21.205223
     ],
     [
      79.090024,
      21.205245
     ],
     [
      79.09023,
      21.205184
     ],
     [
      79.090406,
      21.205053
     ],
     [
      79.090533,
      21.204977
     ],
     [
      79.090682,
      21.20498
     ],
     [
      79.090916,
      21.204954
     ],
     [
      79.091378,
      21.204886
     ],
     [
      79.091674,
      21.204747
     ],
     [
      79.091806,
      21.204556
     ],
     [
      79.091885,
      21.204333
     ],
     [
      79.091886,
      21.204119
     ],
     [
      79.091983,
      21.203875
     ],
     [
      79.092103,
      21.203678
     ],
     [
      79.092395,
      21.203614
     ],
     [
      79.092738,
      21.203511
     ],
     [
      79.093108,
      21.203447
     ],
     [
      79.093354,
      21.203419
     ],
     [
      79.093505,
      21.203266
     ],
     [
      79.093595,
      21.203052
     ],
     [
      79.093597,
      21.202878
     ],
     [
      79.093718,
      21.202605
     ],
     [
      79.093859,
      21.202337
     ],
     [
      79.094023,
      21.202049
     ],
     [
      79.094072,
      21.201773
     ],
     [
      79.094067,
      21.201528
     ],
     [
      79.094146,
      21.201351
     ],
     [
      79.094293,
      21.201102
     ],
     [
      79.094451,
      21.201003
     ],
     [
      79.094605,
      21.200862
     ],
     [
      79.094651,
      21.20067
     ],
     [
      79.094804,
      21.200444
     ],
     [
      79.09503,
      21.200226
     ],
     [
      79.095197,
      21.200008
     ],
     [
      79.09516,
      21.199665
     ],
     [
      79.095166,
      21.199442
     ],
     [
      79.095257,
      21.199254
     ],
     [
      79.095393,
      21.19915
     ],
     [
      79.095569,
      21.199112
     ],
     [
      79.095813,
      21.199094
     ],
     [
      79.096406,
      21.199012
     ],
     [
      79.096631,
      21.198992
     ],
     [
      79.096834,
      21.198915
     ],
     [
      79.096901,
      21.19872
     ],
     [
      79.096806,
      21.198468
     ],
     [
      79.096762,
      21.198179
     ]
    ]
   }
  }
 ]
}